Latitude,Longitude,Elevation,Distance,Elevation Gain
46.49448000,-91.4384300,376.0,0.0,0.0
46.49441000,-91.4374700,375.0,0.04591836745038117,1.0
46.49433000,-91.4365100,375.0,0.09191470482891673,1.0
46.49439000,-91.4358000,373.0,0.125939802754321,3.0
46.49445000,-91.4350900,371.0,0.1599648636970834,5.0
46.49454000,-91.4343700,370.0,0.19477201195632218,6.0
46.49462000,-91.4336500,371.0,0.22946233185034606,7.0
46.49459000,-91.4331300,373.0,0.2542830556051555,9.0
46.49437000,-91.4322700,372.0,0.2979223327453627,10.0
46.49430000,-91.4318500,370.0,0.3184770325069176,12.0
46.49446000,-91.4312800,369.0,0.3477566165325557,13.0
46.49463000,-91.4305400,367.0,0.38486317311962326,15.0
46.49460000,-91.4299200,365.0,0.41442648759713263,17.0
46.49445000,-91.4294500,367.0,0.43906778462672197,19.0
46.49418000,-91.4283200,367.0,0.49596237919787994,19.0
46.49400000,-91.4276100,369.0,0.5319513578016112,21.0
46.49382000,-91.4268900,371.0,0.5683871681505502,23.0
46.49383000,-91.4260000,369.0,0.6107266427634764,25.0
46.49401000,-91.4252400,369.0,0.648956335799937,25.0
46.49420000,-91.4248900,370.0,0.6701576327461122,26.0
46.49459000,-91.4243900,369.0,0.706098280205296,27.0
46.49497000,-91.4238900,373.0,0.7415237399127398,31.0
46.49550000,-91.4229300,364.0,0.8000560293561061,40.0
46.49624000,-91.4226000,357.0,0.8535401618304472,47.0
46.49623000,-91.4225300,357.0,0.8569405774128503,47.0
46.49602000,-91.4213200,362.0,0.9162939706197274,52.0
46.49617000,-91.4201500,369.0,0.9729008398497826,59.0
46.49615000,-91.4190200,371.0,1.026665995899405,61.0
46.49597000,-91.4175800,377.0,1.0962783529846154,67.0
46.49481000,-91.4159100,374.0,1.2091205576732376,70.0
46.49467000,-91.4155300,373.0,1.2296209775261728,71.0
46.49459000,-91.4150800,374.0,1.2517275962403365,72.0
46.49457000,-91.4147800,375.0,1.2660639843003874,73.0
46.49447000,-91.4135000,379.0,1.3273386197875396,77.0
46.49443000,-91.4124800,384.0,1.3759341463150077,82.0
46.49441000,-91.4114500,388.0,1.4249461864308668,86.0
46.49442000,-91.4100100,391.0,1.4934441244177923,89.0
46.49431000,-91.4078600,396.0,1.5959922736592214,94.0
46.49390000,-91.4062600,400.0,1.6771989216232595,98.0
46.49327000,-91.4046900,392.0,1.7636380736741242,106.0
46.49323000,-91.4040400,395.0,1.7946796480171805,109.0
46.49259000,-91.4026100,399.0,1.8758103899039151,113.0
46.49178000,-91.4010500,395.0,1.9687543743234739,117.0
46.49034000,-91.3995500,385.0,2.091189476788855,127.0
46.48925000,-91.3985200,387.0,2.1810367628984557,129.0
46.48863000,-91.3980000,387.0,2.2305037391188147,129.0
46.48775000,-91.3974100,387.0,2.2974712701178817,129.0
46.48687000,-91.3969300,395.0,2.362419800202683,137.0
46.48556000,-91.3963100,398.0,2.4576165989841154,140.0
46.48438000,-91.3957400,412.0,2.5435380643055416,154.0
46.48349000,-91.3952800,416.0,2.6088092137740304,158.0
46.48240000,-91.3953300,413.0,2.68415849798626,161.0
46.48149000,-91.3954900,411.0,2.7474925538825645,163.0
46.48083000,-91.3957900,407.0,2.7952756938803764,167.0
46.48006000,-91.3956000,405.0,2.8492400871189325,169.0
46.47976000,-91.3955200,404.0,2.870314657797656,170.0
46.47960000,-91.3950300,403.0,2.8961163766414506,171.0
46.47804000,-91.3928900,386.0,3.044389620479099,188.0
46.47753000,-91.3927900,388.0,3.0799469951877123,190.0
46.47594000,-91.3911300,390.0,3.2152519275277047,192.0
46.47564000,-91.3910500,391.0,3.2363265502610585,193.0
46.47515000,-91.3907700,389.0,3.272709422542886,195.0
46.47484000,-91.3902800,389.0,3.3043698296929778,195.0
46.47318000,-91.3877700,406.0,3.4699581965888333,212.0
46.47198000,-91.3869000,404.0,3.562631002064954,214.0
46.47175000,-91.3860800,402.0,3.6047628858377023,216.0
46.47146000,-91.3857000,403.0,3.631752901540845,217.0
46.47112000,-91.3854900,404.0,3.657281745913874,218.0
46.46931000,-91.3824700,404.0,3.8477886289300844,218.0
46.46901000,-91.3821200,404.0,3.874379262762343,218.0
46.46873000,-91.3821000,403.0,3.8937487915061557,219.0
46.46829000,-91.3823200,401.0,3.9259020696817273,221.0
46.46792000,-91.3829900,401.0,3.966769633288912,221.0
46.46762000,-91.3830700,402.0,3.9878443573526474,222.0
46.46736000,-91.3829700,403.0,4.006428277054829,223.0
46.46717000,-91.3826700,403.0,4.025823234424292,223.0
46.46679000,-91.3821200,404.0,4.062896699848962,224.0
46.46613000,-91.3775200,406.0,4.286510028854718,226.0
46.46630000,-91.3770700,406.0,4.310935299620536,226.0
46.46628000,-91.3768100,406.0,4.323385672377924,226.0
46.46630000,-91.3765600,407.0,4.335363200087459,227.0
46.46623000,-91.3761800,407.0,4.3540830612368735,227.0
46.46613000,-91.3757600,408.0,4.375231483638181,228.0
46.46589000,-91.3752300,409.0,4.405417110300456,229.0
46.46477000,-91.3737500,409.0,4.510056559267614,229.0
46.46318000,-91.3720400,397.0,4.646775270952271,241.0
46.46117000,-91.3707000,409.0,4.799596473659425,253.0
46.46058000,-91.3703100,413.0,4.844388647855275,257.0
46.45976000,-91.3693400,417.0,4.917473638852053,261.0
46.45863000,-91.3684900,418.0,5.005408503865487,262.0
46.45716000,-91.3678100,411.0,5.112008093513014,269.0
46.45574000,-91.3672300,409.0,5.213930760809471,271.0
46.45420000,-91.3665600,400.0,5.325011161161545,280.0
46.45338000,-91.3658800,399.0,5.3902622037045855,281.0
46.45305000,-91.3649400,394.0,5.440482098564905,286.0
46.45302000,-91.3649100,394.0,5.442999207005791,286.0
46.45261000,-91.3645900,395.0,5.475163216631313,287.0
46.45219000,-91.3642800,398.0,5.507718932493641,290.0
46.45178000,-91.3639600,400.0,5.5398830520623505,292.0
46.45137000,-91.3636400,401.0,5.572047225940586,293.0
46.45096000,-91.3633200,399.0,5.604211454127543,295.0
46.45054000,-91.3630100,400.0,5.6367673726371805,296.0
46.45013000,-91.3626900,402.0,5.668931710766898,298.0
46.44977000,-91.3622900,400.0,5.700257188193046,300.0
46.44942000,-91.3618900,399.0,5.731036981231466,301.0
46.44906000,-91.3614900,400.0,5.762362609541527,302.0
46.44888000,-91.3608000,399.0,5.797485874156411,303.0
46.44871000,-91.3601200,397.0,5.831922685634952,305.0
46.44853000,-91.3594300,397.0,5.867046147643272,305.0
46.44836000,-91.3587500,394.0,5.90148315465723,308.0
46.44818000,-91.3580600,392.0,5.936606814059263,310.0
46.44835000,-91.3569400,387.0,5.991203923545692,315.0
46.44794000,-91.3565500,388.0,6.025074267417609,316.0
46.44753000,-91.3561700,388.0,6.058686085808134,316.0
46.44713000,-91.3557800,384.0,6.091980860452093,320.0
46.44672000,-91.3553900,384.0,6.1258514322709114,320.0
46.44631000,-91.3550100,385.0,6.159463468733271,321.0
46.44590000,-91.3546200,387.0,6.19333419376103,323.0
46.44626000,-91.3535500,381.0,6.250022996534244,329.0
46.44608000,-91.3529100,379.0,6.282932454033348,331.0
46.44590000,-91.3522600,375.0,6.316283264701366,335.0
46.44598000,-91.3513800,378.0,6.358541345105842,338.0
46.44605000,-91.3505000,388.0,6.400714555735882,348.0
46.44598000,-91.3496900,397.0,6.439579079537541,357.0
46.44590000,-91.3488700,400.0,6.479006993504852,360.0
46.44590000,-91.3481700,398.0,6.512332599950924,362.0
46.44590000,-91.3474700,400.0,6.545658206396321,364.0
46.44590000,-91.3467700,401.0,6.5789838128417175,365.0
46.44602000,-91.3460400,402.0,6.614712949199003,366.0
46.44614000,-91.3453100,399.0,6.650442011088178,369.0
46.44647000,-91.3446700,395.0,6.688497630963058,373.0
46.44679000,-91.3440200,393.0,6.726529541425329,375.0
46.44726000,-91.3429900,396.0,6.785342858367589,378.0
46.44735000,-91.3422900,398.0,6.819242817764589,380.0
46.44744000,-91.3415800,395.0,6.853610823106271,383.0
46.44728000,-91.3408900,389.0,6.8882698055708795,389.0
46.44713000,-91.3402100,385.0,6.922261014481869,393.0
46.44697000,-91.3395200,383.0,6.956920174124445,395.0
46.44648000,-91.3393300,380.0,6.991963425018985,398.0
46.44598000,-91.3391500,379.0,7.027557053341533,399.0
46.44549000,-91.3389600,381.0,7.0626003466692415,401.0
46.44493000,-91.3393500,381.0,7.105516986902087,401.0
46.44436000,-91.3397300,379.0,7.148856773055592,403.0
46.44389000,-91.3397000,380.0,7.18136203118968,404.0
46.44341000,-91.3396800,376.0,7.214540494394796,408.0
46.44294000,-91.3396500,373.0,7.247045753623265,411.0
46.44249000,-91.3393500,374.0,7.281261585494493,412.0
46.44203000,-91.3390400,378.0,7.316304367517577,416.0
46.44159000,-91.3386600,380.0,7.351681756745219,418.0
46.44116000,-91.3382700,379.0,7.38671727008752,419.0
46.44072000,-91.3378900,375.0,7.422094807065814,423.0
46.44028000,-91.3375000,373.0,7.457718269746645,425.0
46.44042000,-91.3368600,371.0,7.4896889594809135,427.0
46.44055000,-91.3362100,375.0,7.521914335465094,431.0
46.44069000,-91.3355700,381.0,7.553884881271324,437.0
46.44082000,-91.3349200,385.0,7.586110109968885,441.0
46.44096000,-91.3342800,387.0,7.6180805118472925,443.0
46.44082000,-91.3335300,391.0,7.655076749999264,447.0
46.44067000,-91.3327800,395.0,7.692259712482451,451.0
46.44048000,-91.3321200,399.0,7.726315954023137,455.0
46.44029000,-91.3314600,395.0,7.760372296678747,459.0
46.44010000,-91.3308000,395.0,7.794428740449257,459.0
46.43958000,-91.3306600,399.0,7.830970401225151,463.0
46.43905000,-91.3305300,402.0,7.868109310195181,466.0
46.43853000,-91.3303900,402.0,7.904650994404089,466.0
46.43800000,-91.3302500,406.0,7.941872243206525,470.0
46.43770000,-91.3297600,405.0,7.973081261081564,471.0
46.43740000,-91.3292700,406.0,8.004290374985692,472.0
46.43710000,-91.3287800,406.0,8.035499584918842,472.0
46.43680000,-91.3282900,405.0,8.066708890881422,473.0
46.43650000,-91.3278000,404.0,8.097918292872535,474.0
46.43598000,-91.3278100,405.0,8.133849977765221,475.0
46.43545000,-91.3278200,403.0,8.170472536453982,477.0
46.43493000,-91.3278300,402.0,8.206404221468254,478.0
46.43440000,-91.3278400,403.0,8.24302678027679,479.0
46.43432000,-91.3270900,405.0,8.279165568009962,481.0
46.43424000,-91.3263400,411.0,8.315304407553139,487.0
46.43415000,-91.3255900,411.0,8.35155541183505,487.0
46.43407000,-91.3248400,410.0,8.387694361475011,488.0
46.43373000,-91.3242600,411.0,8.423952540246429,489.0
46.43339000,-91.3236800,413.0,8.460210850268822,491.0
46.43304000,-91.3236400,413.0,8.484468413500155,491.0
46.43276000,-91.3230200,413.0,8.519766287451624,491.0
46.43249000,-91.3224100,411.0,8.554288751223053,493.0
46.43221000,-91.3217900,410.0,8.589586874389276,494.0
46.43144000,-91.3212300,411.0,8.649098107091374,495.0
46.43110000,-91.3206600,409.0,8.68499588058575,497.0
46.43077000,-91.3200900,411.0,8.720445480743555,499.0
46.43043000,-91.3195200,411.0,8.756343506547118,499.0
46.43043000,-91.3183200,405.0,8.813489339505736,505.0
46.42992000,-91.3181900,405.0,8.849266630464472,505.0
46.42941000,-91.3180600,404.0,8.885043931447383,506.0
46.42890000,-91.3179300,403.0,8.920821242453508,507.0
46.42887000,-91.3167700,400.0,8.97610265410128,510.0
46.42927000,-91.3161700,400.0,9.01585531864406,510.0
46.42966000,-91.3155700,396.0,9.055130613571974,514.0
46.42951000,-91.3149200,393.0,9.087774018067387,517.0
46.42937000,-91.3142800,395.0,9.119750523043434,519.0
46.42931000,-91.3134700,397.0,9.158546857522552,521.0
46.42882000,-91.3132200,395.0,9.194434956728754,523.0
46.42834000,-91.3129800,396.0,9.229513988261365,524.0
46.42785000,-91.3127300,397.0,9.265402157755416,525.0
46.42736000,-91.3124800,396.0,9.301290362755916,526.0
46.42691000,-91.3128400,397.0,9.336796080111185,527.0
46.42645000,-91.3131900,396.0,9.372684791215836,528.0
46.42600000,-91.3135500,397.0,9.408190646777475,529.0
46.42576000,-91.3123100,395.0,9.469530214696524,531.0
46.42552000,-91.3120100,396.0,9.491418903507634,532.0
46.42529000,-91.3111100,399.0,9.537133270782995,535.0
46.42497000,-91.3116700,402.0,9.57177673475035,538.0
46.42464000,-91.3122200,402.0,9.60650468404177,538.0
46.42412000,-91.3120100,402.0,9.643799346726844,538.0
46.42360000,-91.3117900,404.0,9.681224574937207,540.0
46.42319000,-91.3121100,404.0,9.713392481454012,540.0
46.42278000,-91.3124300,405.0,9.745560442275917,541.0
46.42238000,-91.3127400,405.0,9.776894470842377,541.0
46.42197000,-91.3130600,406.0,9.809062538950348,542.0
46.42156000,-91.3133800,404.0,9.841230661364449,544.0
46.42100000,-91.3129100,397.0,9.88593209982169,551.0
46.42087000,-91.3121200,399.0,9.924616876893538,553.0
46.42073000,-91.3113200,399.0,9.963929462719687,553.0
46.42066000,-91.3104400,399.0,10.006122013886845,553.0
46.42058000,-91.3095600,401.0,10.048399396006475,555.0
46.42009000,-91.3093200,403.0,10.084132919274921,557.0
46.41959000,-91.3090700,406.0,10.120674199126421,560.0
46.41910000,-91.3088300,405.0,10.156407788794763,561.0
46.41861000,-91.3085900,404.0,10.192141411327695,562.0
46.41811000,-91.3083400,403.0,10.228682796507202,563.0
46.41762000,-91.3081000,404.0,10.264416485440016,564.0
46.41702000,-91.3077800,403.0,10.308585875702992,565.0
46.41641000,-91.3074600,406.0,10.353404445888362,568.0
46.41586000,-91.3077700,407.0,10.394173942968406,569.0
46.41530000,-91.3080900,406.0,10.4357604969526,570.0
46.41475000,-91.3084000,400.0,10.47653010290094,576.0
46.41429000,-91.3083000,401.0,10.508668024205116,577.0
46.41384000,-91.3082000,404.0,10.540122816938887,580.0
46.41338000,-91.3081000,405.0,10.572260750025409,581.0
46.41292000,-91.3080000,404.0,10.604398689067015,582.0
46.41247000,-91.3079000,405.0,10.635853499923549,583.0
46.41201000,-91.3078000,405.0,10.667991450747136,583.0
46.41155000,-91.3077000,403.0,10.70012940752689,585.0
46.41110000,-91.3076000,403.0,10.731584236506219,585.0
46.41064000,-91.3075000,404.0,10.763722205067289,586.0
46.41024000,-91.3070700,406.0,10.79812347933031,588.0
46.40984000,-91.3066400,406.0,10.832524843050056,588.0
46.40949000,-91.3060400,404.0,10.869965928648588,590.0
46.40913000,-91.3054400,402.0,10.907857090271856,592.0
46.40878000,-91.3048400,402.0,10.945298459926498,592.0
46.40833000,-91.3048600,398.0,10.976405052808417,596.0
46.40787000,-91.3048700,397.0,11.008191553306272,597.0
46.40742000,-91.3048900,398.0,11.039298146675096,598.0
46.40741000,-91.3048900,398.0,11.039989079938824,598.0
46.40637000,-91.3039600,394.0,11.124408035424489,602.0
46.40527000,-91.3028700,388.0,11.216458143036979,608.0
46.40445000,-91.3017300,386.0,11.294943640031123,610.0
46.40349000,-91.2998600,382.0,11.406018476575792,614.0
46.40279000,-91.2984700,381.0,11.48802596591004,615.0
46.40241000,-91.2974600,379.0,11.542844801735153,617.0
46.40234000,-91.2957900,381.0,11.62256053562503,619.0
46.40221000,-91.2950400,385.0,11.659406698279437,623.0
46.40200000,-91.2945700,384.0,11.686090182829354,624.0
46.40185000,-91.2944100,384.0,11.698955995429701,624.0
46.40130000,-91.2939200,386.0,11.743556205501664,626.0
46.40049000,-91.2931600,395.0,11.810215446363102,635.0
46.39977000,-91.2921500,400.0,11.879430679254682,640.0
46.39942000,-91.2916300,400.0,11.914053083812181,640.0
46.39885000,-91.2904400,401.0,11.983090535079628,641.0
46.39808000,-91.2881500,397.0,12.104486620481037,645.0
46.39757000,-91.2867500,398.0,12.179931393081953,646.0
46.39732000,-91.2857600,400.0,12.230168220073502,648.0
46.39693000,-91.2850700,403.0,12.272678597230302,651.0
46.39664000,-91.2848200,405.0,12.295989476022124,653.0
46.39585000,-91.2845400,406.0,12.352180246363151,654.0
46.39501000,-91.2842300,402.0,12.41206907361233,658.0
46.39381000,-91.2838100,402.0,12.497362501162678,658.0
46.39283000,-91.2833700,410.0,12.568246121764707,666.0
46.39176000,-91.2831300,409.0,12.643055430853769,667.0
46.39125000,-91.2829100,409.0,12.67981963876059,667.0
46.39064000,-91.2826000,405.0,12.724480762068007,671.0
46.39024000,-91.2825800,402.0,12.752134523015066,674.0
46.38965000,-91.2827400,400.0,12.79360659201284,676.0
46.38905000,-91.2830700,403.0,12.837945473084215,679.0
46.38858000,-91.2834100,403.0,12.874237496549569,679.0
46.38833000,-91.2835800,401.0,12.893316507031813,681.0
46.38818000,-91.2836900,400.0,12.90493095674176,682.0
46.38762000,-91.2840500,400.0,12.947256576084058,682.0
46.38708000,-91.2840800,399.0,12.984594357516206,683.0
46.38634000,-91.2841000,398.0,13.03573230339915,684.0
46.38587000,-91.2841900,399.0,13.068488233268774,685.0
46.38553000,-91.2844900,395.0,13.095989130144137,689.0
46.38499000,-91.2849000,394.0,13.13810701706958,690.0
46.38484000,-91.2850800,394.0,13.151561095892008,690.0
46.38457000,-91.2851100,395.0,13.1702710095819,691.0
46.38419000,-91.2849600,399.0,13.197482428851107,695.0
46.38364000,-91.2842400,403.0,13.248685362248267,699.0
46.38326000,-91.2836500,399.0,13.28715788439719,703.0
46.38294000,-91.2832100,396.0,13.317631752649717,706.0
46.38214000,-91.2824900,396.0,13.382693160750883,706.0
46.38163000,-91.2820600,398.0,13.423457768277668,708.0
46.38102000,-91.2815600,395.0,13.471876129735286,711.0
46.38035000,-91.2808500,399.0,13.529219725942369,715.0
46.37971000,-91.2800200,401.0,13.588554101181556,717.0
46.37918000,-91.2794400,402.0,13.634437689145418,718.0
46.37878000,-91.2789300,402.0,13.67124520263828,718.0
46.37818000,-91.2783800,403.0,13.720295379679184,719.0
46.37764000,-91.2779900,405.0,13.76198068086285,721.0
46.37718000,-91.2779000,405.0,13.794051846213293,721.0
46.37667000,-91.2778100,408.0,13.829549642336618,724.0
46.37620000,-91.2778200,406.0,13.862027004198014,726.0
46.37580000,-91.2778100,404.0,13.889668445429391,728.0
46.37552000,-91.2777900,404.0,13.909038054264716,728.0
46.37499000,-91.2774900,404.0,13.94835091739527,728.0
46.37476000,-91.2772500,404.0,13.967932306843378,728.0
46.37449000,-91.2768500,405.0,13.994608308302649,729.0
46.37438000,-91.2757600,403.0,14.047121977045975,731.0
46.37428000,-91.2746300,404.0,14.101430970009401,732.0
46.37399000,-91.2716500,403.0,14.244895761656519,733.0
46.37396000,-91.2709800,401.0,14.276902407453433,735.0
46.37391000,-91.2703500,399.0,14.307133095450546,737.0
46.37391000,-91.2695300,392.0,14.346223222963538,744.0
46.37416000,-91.2683600,378.0,14.40461155618584,758.0
46.37455000,-91.2665800,387.0,14.493640892467218,767.0
46.37490000,-91.2646800,387.0,14.58738698614819,767.0
46.37521000,-91.2628800,392.0,14.675825696940908,772.0
46.37526000,-91.2612300,397.0,14.754556583341445,777.0
46.37535000,-91.2592500,385.0,14.84914714955958,789.0
46.37531000,-91.2572300,387.0,14.945479491167314,791.0
46.37497000,-91.2553800,386.0,15.036743879005563,792.0
46.37456000,-91.2547300,389.0,15.078727178243602,795.0
46.37356000,-91.2537100,383.0,15.163215034119121,801.0
46.37272000,-91.2528900,385.0,15.233190289401605,803.0
46.37204000,-91.2517000,373.0,15.306849860130738,815.0
46.37181000,-91.2509200,366.0,15.347287916161353,822.0
46.37149000,-91.2502200,363.0,15.387318777715961,825.0
46.37109000,-91.2484200,374.0,15.477471271937066,836.0
46.37066000,-91.2471300,371.0,15.545770626747746,839.0
46.37051000,-91.2452500,369.0,15.63599458248306,841.0
46.37037000,-91.2428600,363.0,15.75034510536284,847.0
46.36952000,-91.2412500,366.0,15.846991737285082,850.0
46.36844000,-91.2398900,371.0,15.94584649184433,855.0
46.36824000,-91.2396100,371.0,15.965059948339208,855.0
46.36772000,-91.2393700,375.0,16.002766505466013,859.0
46.36689000,-91.2393000,380.0,16.06021099413109,864.0
46.36614000,-91.2391500,380.0,16.1125221521976,864.0
46.36549000,-91.2385900,365.0,16.164770014127953,879.0
46.36353000,-91.2367100,358.0,16.327171072757128,886.0
46.36223000,-91.2359400,363.0,16.424206055125705,891.0
46.36136000,-91.2357200,368.0,16.48522567564458,896.0
46.36040000,-91.2357000,368.0,16.55156212404272,896.0
46.35995000,-91.2357000,375.0,16.58265412090066,903.0
46.35857000,-91.2361600,377.0,16.680493344482603,905.0
46.35753000,-91.2368400,378.0,16.75932771243023,906.0
46.35613000,-91.2381900,377.0,16.87552180212185,907.0
46.35511000,-91.2391400,383.0,16.959301692395865,913.0
46.35379000,-91.2400300,381.0,17.059896736030787,915.0
46.35344000,-91.2401500,380.0,17.08474728462949,916.0
46.35341000,-91.2401900,380.0,17.087564241916528,916.0
46.35356000,-91.2393500,383.0,17.128941740989518,919.0
46.35371000,-91.2385200,385.0,17.169857623797856,921.0
46.35386000,-91.2376800,388.0,17.21123490998267,924.0
46.35377000,-91.2370100,388.0,17.243785647983692,924.0
46.35368000,-91.2363400,389.0,17.27633643763413,925.0
46.35359000,-91.2356700,389.0,17.308887278933906,925.0
46.35350000,-91.2350000,387.0,17.341438171882952,927.0
46.35341000,-91.2343300,381.0,17.37398911648119,933.0
46.35294000,-91.2342800,387.0,17.406550403327266,939.0
46.35247000,-91.2342300,389.0,17.439111691675002,941.0
46.35201000,-91.2341700,385.0,17.471023165916222,945.0
46.35154000,-91.2341200,384.0,17.503584457235327,946.0
46.35107000,-91.2340700,386.0,17.536145750056097,948.0
46.35077000,-91.2345900,387.0,17.56846687190176,949.0
46.35047000,-91.2351000,389.0,17.600423636679388,951.0
46.35016000,-91.2356200,390.0,17.63319236030348,952.0
46.34986000,-91.2361300,392.0,17.665149331687427,954.0
46.34956000,-91.2366500,395.0,17.697470874782944,957.0
46.34926000,-91.2371600,400.0,17.729428049384495,962.0
46.34895000,-91.2376800,402.0,17.7621971885049,964.0
46.34865000,-91.2381900,404.0,17.794154569710535,966.0
46.34835000,-91.2387100,404.0,17.826476534050936,966.0
46.34799000,-91.2391800,405.0,17.859960370476383,967.0
46.34764000,-91.2396400,405.0,17.89261193479424,967.0
46.34728000,-91.2401100,405.0,17.926095966139656,967.0
46.34693000,-91.2405700,409.0,17.958747721930692,971.0
46.34657000,-91.2410400,407.0,17.992231948194718,973.0
46.34622000,-91.2415000,403.0,18.024883895457947,977.0
46.34586000,-91.2419700,401.0,18.058368316640127,979.0
46.34550000,-91.2415400,395.0,18.090606772153023,985.0
46.34513000,-91.2411100,395.0,18.123381350889606,985.0
46.34477000,-91.2406800,395.0,18.155619980633723,985.0
46.34446000,-91.2399400,391.0,18.19690598442935,989.0
46.34416000,-91.2391900,391.0,18.238249961644094,989.0
46.34385000,-91.2384500,386.0,18.279536302129472,994.0
46.34336000,-91.2381000,384.0,18.31728418043429,996.0
46.34287000,-91.2377600,387.0,18.354823616828877,999.0
46.34284000,-91.2370400,390.0,18.389228665085277,1002.0
46.34281000,-91.2363100,393.0,18.42410985770075,1005.0
46.34245000,-91.2367000,398.0,18.45517013971349,1010.0
46.34208000,-91.2370800,400.0,18.48650823931243,1012.0
46.34172000,-91.2374700,400.0,18.51756867008591,1012.0
46.34135000,-91.2378500,399.0,18.548906909662726,1013.0
46.34099000,-91.2382400,398.0,18.579967489196825,1014.0
46.34062000,-91.2386200,400.0,18.611305868750655,1016.0
46.34021000,-91.2382900,401.0,18.643713750919016,1017.0
46.33979000,-91.2379600,406.0,18.676727352000132,1022.0
46.33938000,-91.2376200,412.0,18.709369706848936,1028.0
46.33896000,-91.2372900,414.0,18.74238342186499,1030.0
46.33859000,-91.2369000,411.0,18.774000494786055,1033.0
46.33821000,-91.2365200,411.0,18.805905464542274,1033.0
46.33784000,-91.2361300,413.0,18.837522687609155,1035.0
46.33746000,-91.2357500,417.0,18.869427798623562,1039.0
46.33709000,-91.2353600,420.0,18.901045171835726,1042.0
46.33626000,-91.2354900,419.0,18.958726963751275,1043.0
46.33577000,-91.2352200,418.0,18.994949975762566,1044.0
46.33527000,-91.2349400,417.0,19.03198897532134,1045.0
46.33478000,-91.2346700,415.0,19.068212070245654,1047.0
46.33438000,-91.2343100,412.0,19.10075072432425,1050.0
46.33398000,-91.2339400,411.0,19.13354373898569,1051.0
46.33381000,-91.2332800,412.0,19.167149139184012,1052.0
46.33365000,-91.2326300,412.0,19.20006966987592,1052.0
46.33348000,-91.2319700,412.0,19.23367524808194,1052.0
46.33281000,-91.2319500,415.0,19.279977608408107,1055.0
46.33214000,-91.2319300,417.0,19.326279968975125,1057.0
46.33191000,-91.2313700,421.0,19.357365208099374,1061.0
46.33169000,-91.2308000,423.0,19.388518610396748,1063.0
46.33146000,-91.2302400,423.0,19.41960403844326,1063.0
46.33123000,-91.2296700,426.0,19.45110053465199,1066.0
46.33101000,-91.2291100,431.0,19.481838674118634,1071.0
46.33078000,-91.2285400,435.0,19.513335363502197,1075.0
46.33034000,-91.2288100,433.0,19.546352842462593,1077.0
46.32989000,-91.2290800,432.0,19.580007622477996,1078.0
46.32945000,-91.2293500,432.0,19.613025183214113,1078.0
46.32891000,-91.2297000,435.0,19.65390188326441,1081.0
46.32845000,-91.2298000,431.0,19.686040916008693,1085.0
46.32798000,-91.2299100,427.0,19.718936131976495,1089.0
46.32752000,-91.2300100,427.0,19.751075176762303,1089.0
46.32705000,-91.2301100,427.0,19.78389766513273,1089.0
46.32659000,-91.2302100,422.0,19.816036721960767,1094.0
46.32612000,-91.2303200,423.0,19.848931966400617,1095.0
46.32566000,-91.2304200,422.0,19.881071035271177,1096.0
46.32519000,-91.2305200,419.0,19.913893547224397,1099.0
46.32473000,-91.2306300,419.0,19.946106919534653,1099.0
46.32426000,-91.2307300,419.0,19.978929443279192,1099.0
46.32403000,-91.2301200,420.0,20.0120908983718,1100.0
46.32381000,-91.2295100,421.0,20.044926954427744,1101.0
46.32358000,-91.2289000,419.0,20.07808861965328,1103.0
46.32336000,-91.2282900,421.0,20.110924887923993,1105.0
46.32313000,-91.2276800,427.0,20.144086763280086,1111.0
46.32281000,-91.2266500,436.0,20.197977889446868,1120.0
46.32230000,-91.2266500,440.0,20.2332154858857,1124.0
46.32230000,-91.2259000,441.0,20.269002424734538,1125.0
46.32230000,-91.2251500,444.0,20.304789363582696,1128.0
46.32208000,-91.2244900,443.0,20.33975846567184,1129.0
46.32187000,-91.2238300,444.0,20.374432925704685,1130.0
46.32165000,-91.2231700,445.0,20.409402250703373,1131.0
46.32116000,-91.2233400,441.0,20.444216218836406,1135.0
46.32067000,-91.2235100,438.0,20.479030203897292,1138.0
46.32018000,-91.2236800,438.0,20.51384420588572,1138.0
46.31970000,-91.2238600,436.0,20.54810320044923,1140.0
46.31921000,-91.2240300,434.0,20.582917235947615,1142.0
46.31872000,-91.2242000,433.0,20.61773128837372,1143.0
46.31834000,-91.2237700,437.0,20.651053793831604,1147.0
46.31795000,-91.2233400,439.0,20.684923459177362,1149.0
46.31795000,-91.2226600,440.0,20.71737286347257,1150.0
46.31795000,-91.2219700,441.0,20.7502994648906,1151.0
46.31795000,-91.2212900,444.0,20.782748869186484,1154.0
46.31795000,-91.2206000,444.0,20.81567547060384,1154.0
46.31750000,-91.2203100,442.0,20.849708159580643,1156.0
46.31706000,-91.2200300,440.0,20.88291597855148,1158.0
46.31661000,-91.2197400,441.0,20.916948759055057,1159.0
46.31606000,-91.2195400,438.0,20.95613030135887,1162.0
46.31550000,-91.2193400,435.0,20.99598234345267,1165.0
46.31495000,-91.2191400,433.0,21.03516393291526,1167.0
46.31415000,-91.2191000,430.0,21.090471546169667,1170.0
46.31396000,-91.2183900,435.0,21.126809166323785,1175.0
46.31377000,-91.2176800,440.0,21.163146896170286,1180.0
46.31386000,-91.2168900,440.0,21.201357701750084,1180.0
46.31395000,-91.2160900,439.0,21.24003939456439,1181.0
46.31403000,-91.2153000,442.0,21.278143737669243,1184.0
46.31412000,-91.2145000,442.0,21.316825313428772,1184.0
46.31359000,-91.2137700,443.0,21.36736906763419,1185.0
46.31315000,-91.2139900,445.0,21.39953206175842,1187.0
46.31270000,-91.2142000,444.0,21.432199384134357,1188.0
46.31226000,-91.2144200,443.0,21.464362433995365,1189.0
46.31181000,-91.2140800,442.0,21.499433934397985,1190.0
46.31137000,-91.2139900,443.0,21.530136931646428,1191.0
46.31097000,-91.2144600,446.0,21.56573150645266,1194.0
46.31057000,-91.2149400,448.0,21.60162885887877,1196.0
46.31017000,-91.2154100,449.0,21.637223640301716,1197.0
46.30977000,-91.2158800,448.0,21.672818525032245,1198.0
46.30931000,-91.2157500,442.0,21.705201401148962,1204.0
46.30885000,-91.2156200,437.0,21.737584287256837,1209.0
46.30863000,-91.2150300,432.0,21.769584384319593,1214.0
46.30842000,-91.2144400,425.0,21.801262211328698,1221.0
46.30821000,-91.2138500,420.0,21.832940134373505,1226.0
46.30799000,-91.2132600,420.0,21.864940521168382,1226.0
46.30746000,-91.2135000,428.0,21.903309768414847,1234.0
46.30694000,-91.2137300,433.0,21.940877958698938,1239.0
46.30641000,-91.2139700,434.0,21.979247271544335,1240.0
46.30588000,-91.2142000,426.0,22.017476833244043,1248.0
46.30540000,-91.2142400,424.0,22.050696538986088,1250.0
46.30493000,-91.2142900,419.0,22.08325797923064,1255.0
46.30445000,-91.2143300,417.0,22.116477686876415,1257.0
46.30397000,-91.2143800,420.0,22.149728243610454,1260.0
46.30349000,-91.2144200,427.0,22.18294795318098,1267.0
46.30302000,-91.2144600,434.0,22.215477896826865,1274.0
46.30254000,-91.2145100,433.0,22.24872845803494,1275.0
46.30206000,-91.2145500,435.0,22.281948170471825,1277.0
46.30145000,-91.2146600,432.0,22.324420911246474,1280.0
46.30084000,-91.2147600,427.0,22.366837291655642,1285.0
46.30046000,-91.2143300,427.0,22.400163925739207,1285.0
46.30007000,-91.2139000,429.0,22.434037653024205,1287.0
46.29960000,-91.2137700,427.0,22.46709913322659,1289.0
46.29913000,-91.2136400,424.0,22.500160623427472,1292.0
46.29867000,-91.2135200,421.0,22.532455649995576,1295.0
46.29820000,-91.2133900,419.0,22.565517159980732,1297.0
46.29773000,-91.2132600,419.0,22.5985786799644,1297.0
46.29721000,-91.2132000,423.0,22.63462119927934,1301.0
46.29669000,-91.2131300,424.0,22.670704795952357,1302.0
46.29637000,-91.2126300,425.0,22.703240692324993,1303.0
46.29605000,-91.2121400,423.0,22.73542810143718,1305.0
46.29573000,-91.2116400,423.0,22.767964202469088,1305.0
46.29540000,-91.2111400,424.0,22.800973820817802,1306.0
46.29508000,-91.2106400,427.0,22.833510129705335,1309.0
46.29476000,-91.2101500,429.0,22.865697939286118,1311.0
46.29444000,-91.2096500,428.0,22.898234452830078,1312.0
46.29481000,-91.2089300,434.0,22.94107178556776,1318.0
46.29518000,-91.2082000,435.0,22.984292935407765,1319.0
46.29500000,-91.2074700,433.0,23.02129553410366,1321.0
46.29483000,-91.2067400,433.0,23.05807176916691,1321.0
46.29465000,-91.2060100,431.0,23.095074577638297,1323.0
46.29486000,-91.2054100,424.0,23.127183844232327,1330.0
46.29506000,-91.2048100,418.0,23.15898676734799,1336.0
46.29481000,-91.2040800,419.0,23.197882695239308,1337.0
46.29457000,-91.2033500,421.0,23.23647689200268,1339.0
46.29432000,-91.2026200,414.0,23.275373099285357,1346.0
46.29458000,-91.2020600,415.0,23.307582554626645,1347.0
46.29485000,-91.2015000,418.0,23.340182304645378,1350.0
46.29511000,-91.2009400,422.0,23.37239154523038,1354.0
46.29537000,-91.2003900,424.0,23.404205548648967,1356.0
46.29563000,-91.1998300,425.0,23.436414578528467,1357.0
46.29590000,-91.1992700,429.0,23.469013908179697,1361.0
46.29616000,-91.1987100,424.0,23.501222723300152,1366.0
46.29665000,-91.1985200,433.0,23.53627241738288,1375.0
46.29713000,-91.1983300,436.0,23.570655158501896,1378.0
46.29762000,-91.1981500,434.0,23.605584319268655,1380.0
46.29810000,-91.1979600,434.0,23.63996701800214,1380.0
46.29859000,-91.1977700,438.0,23.6750166289276,1384.0
46.29895000,-91.1981900,441.0,23.706964561748254,1387.0
46.29930000,-91.1986000,443.0,23.73807496310426,1389.0
46.29966000,-91.1990200,441.0,23.77002273277494,1391.0
46.30001000,-91.1994400,439.0,23.80143547177673,1393.0
46.30037000,-91.1998600,439.0,23.833383078296357,1393.0
46.30072000,-91.2002700,436.0,23.864493160332763,1396.0
46.30108000,-91.2006900,434.0,23.896440603700267,1398.0
46.30161000,-91.2006900,432.0,23.933060066666062,1400.0
46.30215000,-91.2006900,433.0,23.970370462895588,1401.0
46.30268000,-91.2006900,434.0,24.006989925861873,1402.0
46.30321000,-91.2006900,434.0,24.04360938882767,1402.0
46.30371000,-91.2011500,433.0,24.084543195208568,1403.0
46.30420000,-91.2016000,438.0,24.12463775147853,1408.0
46.30470000,-91.2020600,444.0,24.165571344878735,1414.0
46.30494000,-91.2012700,444.0,24.20676406703396,1414.0
46.30517000,-91.2004700,446.0,24.24812364829189,1416.0
46.30565000,-91.2003700,446.0,24.28163015338343,1416.0
46.30614000,-91.2002700,441.0,24.31582068117832,1421.0
46.30663000,-91.2001700,435.0,24.350011203008926,1427.0
46.30711000,-91.2000700,430.0,24.38351768996663,1432.0
46.30760000,-91.1999700,427.0,24.4177081999904,1435.0
46.30808000,-91.1998700,429.0,24.451214674899656,1437.0
46.30831000,-91.1992400,423.0,24.48522452731456,1443.0
46.30854000,-91.1986100,422.0,24.519234268024768,1444.0
46.30877000,-91.1979700,424.0,24.55366658948628,1446.0
46.30900000,-91.1973400,426.0,24.58767610678589,1448.0
46.30871000,-91.1966400,425.0,24.62663337370945,1449.0
46.30843000,-91.1959400,426.0,24.66523996782943,1450.0
46.30814000,-91.1952400,430.0,24.704197533117487,1454.0
46.30838000,-91.1945600,434.0,24.740643557725797,1458.0
46.30861000,-91.1938900,439.0,24.77635229561018,1463.0
46.30885000,-91.1932100,441.0,24.812798072057564,1465.0
46.30908000,-91.1925300,440.0,24.84893459518815,1466.0
46.30902000,-91.1917600,436.0,24.885917832523404,1470.0
46.30895000,-91.1909900,429.0,24.922984921774344,1477.0
46.30889000,-91.1902100,426.0,24.960442551948372,1480.0
46.30882000,-91.1894400,424.0,24.99750972773572,1482.0
46.30876000,-91.1886700,434.0,25.034493138537158,1492.0
46.30862000,-91.1879100,438.0,25.07203388048304,1496.0
46.30848000,-91.1871500,442.0,25.109574712072163,1500.0
46.30834000,-91.1863800,445.0,25.147576996622487,1503.0
46.30820000,-91.1856200,451.0,25.18511800749789,1509.0
46.30790000,-91.1849900,456.0,25.221639043720618,1514.0
46.30759000,-91.1843600,456.0,25.258556747844523,1514.0
46.30729000,-91.1837200,455.0,25.29547202136067,1515.0
46.30698000,-91.1830900,453.0,25.332389998408054,1517.0
46.30665000,-91.1824600,451.0,25.370126629998396,1519.0
46.30632000,-91.1818300,451.0,25.40786340603219,1519.0
46.30598000,-91.1811900,448.0,25.446399011960736,1522.0
46.30565000,-91.1805600,445.0,25.48413608125765,1525.0
46.30530000,-91.1801000,446.0,25.516799062268078,1526.0
46.30495000,-91.1796500,450.0,25.549143219753045,1530.0
46.30460000,-91.1791900,450.0,25.58180638948625,1530.0
46.30425000,-91.1787400,452.0,25.61415072935831,1532.0
46.30390000,-91.1782800,449.0,25.646814087814686,1535.0
46.30341000,-91.1782300,448.0,25.68075383368484,1536.0
46.30292000,-91.1781800,447.0,25.71469358105709,1537.0
46.30244000,-91.1781400,447.0,25.74791329273229,1537.0
46.30195000,-91.1780900,446.0,25.781853043078076,1538.0
46.30146000,-91.1780400,447.0,25.81579279492596,1539.0
46.30097000,-91.1779900,447.0,25.84973254827595,1539.0
46.30049000,-91.1779500,446.0,25.88295226385933,1540.0
46.30000000,-91.1779000,439.0,25.916892020183354,1547.0
46.29951000,-91.1778500,435.0,25.950831778008943,1551.0
46.29939000,-91.1769300,431.0,25.995524559959314,1555.0
46.29927000,-91.1760100,428.0,26.04021743648746,1558.0
46.29923000,-91.1751700,427.0,26.080410822366424,1559.0
46.29919000,-91.1743200,427.0,26.121080481410676,1559.0
46.29915000,-91.1734800,425.0,26.161273925736566,1561.0
46.29898000,-91.1728600,423.0,26.193115943332394,1563.0
46.29882000,-91.1722500,424.0,26.22426296291671,1564.0
46.29865000,-91.1716300,424.0,26.256105146307103,1564.0
46.29807000,-91.1712900,426.0,26.299341303488895,1566.0
46.29749000,-91.1709500,425.0,26.342577525208167,1567.0
46.29722000,-91.1703900,423.0,26.37517621829348,1569.0
46.29696000,-91.1698200,421.0,26.407781919544192,1571.0
46.29669000,-91.1692600,422.0,26.440380824819346,1572.0
46.29642000,-91.1686900,424.0,26.473372457502148,1574.0
46.29615000,-91.1681300,426.0,26.505971578968936,1576.0
46.29589000,-91.1675600,426.0,26.53857772394262,1576.0
46.29562000,-91.1670000,425.0,26.57117705759682,1577.0
46.29516000,-91.1667900,424.0,26.60450363398535,1578.0
46.29469000,-91.1665700,425.0,26.638633674015384,1579.0
46.29423000,-91.1663600,424.0,26.67196030162045,1580.0
46.29376000,-91.1661400,422.0,26.706090396536993,1582.0
46.29330000,-91.1659300,416.0,26.73941707535766,1588.0
46.29283000,-91.1657100,409.0,26.773547225160907,1595.0
46.29237000,-91.1655000,414.0,26.80687395519831,1600.0
46.29190000,-91.1652800,417.0,26.841004159888257,1603.0
46.29144000,-91.1650700,415.0,26.874330941141046,1605.0
46.29095000,-91.1653500,412.0,26.91073032629064,1608.0
46.29047000,-91.1656300,407.0,26.94648800648771,1613.0
46.28998000,-91.1659200,410.0,26.98306552139944,1616.0
46.28950000,-91.1662000,411.0,27.01882329010769,1617.0
46.28901000,-91.1664800,408.0,27.055222849158124,1620.0
46.28883000,-91.1671700,406.0,27.09043627605561,1622.0
46.28864000,-91.1678600,408.0,27.125899724137305,1624.0
46.28846000,-91.1685400,417.0,27.160667084257284,1633.0
46.28827000,-91.1692300,428.0,27.196130739066444,1644.0
46.28762000,-91.1690600,431.0,27.241768990441113,1647.0
46.28697000,-91.1688900,435.0,27.287407258946,1651.0
46.28690000,-91.1681700,428.0,27.32212347578461,1658.0
46.28682000,-91.1674500,419.0,27.356942720167968,1667.0
46.28675000,-91.1667300,420.0,27.39165903022567,1668.0
46.28667000,-91.1660100,426.0,27.426478367552157,1674.0
46.28621000,-91.1657000,431.0,27.461538926810224,1679.0
46.28576000,-91.1653800,436.0,27.496182353531577,1684.0
46.28530000,-91.1650700,442.0,27.53124301659677,1690.0
46.28531000,-91.1643800,438.0,27.564196500741513,1694.0
46.28532000,-91.1636800,438.0,27.597627357058595,1694.0
46.28533000,-91.1629900,438.0,27.63058082917767,1694.0
46.28533000,-91.1623000,438.0,27.66352705411679,1694.0
46.28534000,-91.1616100,434.0,27.69648052022302,1698.0
46.28535000,-91.1609100,429.0,27.729911358240063,1703.0
46.28536000,-91.1602200,431.0,27.762864812320615,1705.0
46.28570000,-91.1597500,433.0,27.795353034333854,1707.0
46.28603000,-91.1592700,429.0,27.827681842791517,1711.0
46.28637000,-91.1588000,422.0,27.860169875209827,1718.0
46.28692000,-91.1588000,419.0,27.89817120470308,1721.0
46.28747000,-91.1588000,419.0,27.93617253419584,1721.0
46.28790000,-91.1585400,417.0,27.968371895815803,1723.0
46.28833000,-91.1582900,420.0,28.00039017548145,1726.0
46.28876000,-91.1580300,423.0,28.032589461960097,1729.0
46.28920000,-91.1577700,428.0,28.065427312460375,1734.0
46.28963000,-91.1575100,430.0,28.097626522923893,1736.0
46.29006000,-91.1572600,426.0,28.129644662046186,1740.0
46.29049000,-91.1570000,425.0,28.16184379736824,1741.0
46.29084000,-91.1565500,425.0,28.19419172228932,1741.0
46.29119000,-91.1560900,424.0,28.226858601603205,1742.0
46.29154000,-91.1556400,419.0,28.259206344152705,1747.0
46.29189000,-91.1551900,416.0,28.291553995516654,1750.0
46.29224000,-91.1547300,415.0,28.324220591771798,1751.0
46.29259000,-91.1542800,416.0,28.35656806076292,1752.0
46.29294000,-91.1538300,420.0,28.38891543856787,1756.0
46.29329000,-91.1533700,422.0,28.421581751761835,1758.0
46.29364000,-91.1529200,427.0,28.453928947193084,1763.0
46.29351000,-91.1522700,424.0,28.486234373936494,1766.0
46.29339000,-91.1516300,424.0,28.517893629496267,1766.0
46.29326000,-91.1509800,429.0,28.55019919231115,1771.0
46.29314000,-91.1503400,432.0,28.581858582480262,1774.0
46.29301000,-91.1496900,434.0,28.614164281365966,1776.0
46.29288000,-91.1490400,435.0,28.646470051009146,1777.0
46.29276000,-91.1484000,438.0,28.678129645783457,1780.0
46.29263000,-91.1477500,441.0,28.710435551496015,1783.0
46.29250000,-91.1471000,443.0,28.742741527965645,1785.0
46.29238000,-91.1464600,440.0,28.7744013273433,1788.0
46.29225000,-91.1458100,438.0,28.806707439882167,1790.0
46.29213000,-91.1451700,437.0,28.838367373867843,1791.0
46.29200000,-91.1445200,435.0,28.870673622474914,1793.0
46.29187000,-91.1438700,436.0,28.902979941837586,1794.0
46.29175000,-91.1432300,440.0,28.93464008042527,1798.0
46.29162000,-91.1425800,441.0,28.96694653585666,1799.0
46.29122000,-91.1421100,437.0,29.002546211238887,1803.0
46.29082000,-91.1416400,435.0,29.03814598991883,1805.0
46.29042000,-91.1411600,434.0,29.07404872422894,1806.0
46.29002000,-91.1406900,438.0,29.109648709501194,1810.0
46.28995000,-91.1400400,441.0,29.1410569917446,1813.0
46.28987000,-91.1393900,441.0,29.172579105610644,1813.0
46.28980000,-91.1387400,441.0,29.20398747182951,1813.0
46.28973000,-91.1380800,444.0,29.23586771024266,1816.0
46.28965000,-91.1374300,440.0,29.267389946828562,1820.0
46.28958000,-91.1367800,438.0,29.298798436210397,1822.0
46.28931000,-91.1361700,440.0,29.333385060176923,1824.0
46.28903000,-91.1355600,438.0,29.368349319891006,1826.0
46.28876000,-91.1349500,436.0,29.402936190116392,1828.0
46.28848000,-91.1343400,438.0,29.437900693429974,1830.0
46.28838000,-91.1337000,436.0,29.469229186924036,1832.0
46.28828000,-91.1330500,436.0,29.501023608172318,1832.0
46.28818000,-91.1324100,434.0,29.53235221049236,1834.0
46.28807000,-91.1317600,431.0,29.564304011631023,1837.0
46.28797000,-91.1311200,429.0,29.59563272821717,1839.0
46.28787000,-91.1304700,431.0,29.627427376210306,1841.0
46.28777000,-91.1298300,433.0,29.658756201621063,1843.0
46.28810000,-91.1293400,435.0,29.69142461067224,1845.0
46.28842000,-91.1288600,436.0,29.723269165240826,1846.0
46.28875000,-91.1283700,436.0,29.755937375472413,1846.0
46.28907000,-91.1278800,434.0,29.7881270507473,1848.0
46.28940000,-91.1273900,430.0,29.820795062158293,1852.0
46.28972000,-91.1269100,429.0,29.852639225280168,1853.0
46.29005000,-91.1264200,436.0,29.885307037869563,1860.0
46.29038000,-91.1259300,442.0,29.917974749518375,1866.0
46.29070000,-91.1254500,441.0,29.949818617546146,1867.0
46.29103000,-91.1249600,440.0,29.98248613037184,1868.0
46.29135000,-91.1244700,440.0,30.01467509787326,1868.0
46.29168000,-91.1239800,444.0,30.047342411874826,1872.0
46.29200000,-91.1235000,443.0,30.079185888448364,1873.0
46.29233000,-91.1230100,446.0,30.111853003625285,1876.0
46.29242000,-91.1223600,446.0,30.143502215071276,1876.0
46.29250000,-91.1217100,441.0,30.175022906479256,1881.0
46.29259000,-91.1210700,439.0,30.20620405180869,1883.0
46.29268000,-91.1204200,438.0,30.237853118806004,1884.0
46.29276000,-91.1197700,433.0,30.26937366517511,1889.0
46.29285000,-91.1191200,431.0,30.30102263772445,1891.0
46.29293000,-91.1184700,435.0,30.33254308926041,1895.0
46.29302000,-91.1178200,439.0,30.364191967361524,1899.0
46.29311000,-91.1171800,441.0,30.39537282840827,1901.0
46.29319000,-91.1165300,439.0,30.426893134905686,1903.0
46.29328000,-91.1158800,435.0,30.458541868555407,1907.0
46.29377000,-91.1155700,444.0,30.495491049111056,1916.0
46.29426000,-91.1152600,444.0,30.53244017662817,1916.0
46.29476000,-91.1149600,441.0,30.569837942734846,1919.0
46.29525000,-91.1146500,439.0,30.606786963092816,1921.0
46.29574000,-91.1143400,437.0,30.643735930411694,1923.0
46.29593000,-91.1137400,440.0,30.67524436638454,1926.0
46.29613000,-91.1131500,448.0,30.70661750475584,1934.0
46.29632000,-91.1125500,454.0,30.738125755283907,1940.0
46.29652000,-91.1119600,454.0,30.769498713566378,1940.0
46.29671000,-91.1113600,453.0,30.801006778647043,1941.0
46.29691000,-91.1107700,451.0,30.832379556839765,1943.0
46.29710000,-91.1101700,450.0,30.863887436473696,1944.0
46.29730000,-91.1095800,450.0,30.89526003457574,1944.0
46.29749000,-91.1089800,449.0,30.926767728760524,1945.0
46.29789000,-91.1085700,449.0,30.960633610427944,1945.0
46.29828000,-91.1081500,448.0,30.994220705321204,1946.0
46.29868000,-91.1077400,451.0,31.028086423793155,1949.0
46.29907000,-91.1073200,451.0,31.06167334601253,1949.0
46.29947000,-91.1069100,453.0,31.095538901289217,1951.0
46.29986000,-91.1064900,454.0,31.129125650833636,1952.0
46.29995000,-91.1058400,453.0,31.16077067856145,1953.0
46.30003000,-91.1051900,453.0,31.192287169191182,1953.0
46.30012000,-91.1045400,454.0,31.223932102460054,1954.0
46.30020000,-91.1038800,451.0,31.25591856115559,1957.0
46.30029000,-91.1032300,451.0,31.28756339996593,1957.0
46.30037000,-91.1025800,450.0,31.319079700906475,1958.0
46.30068000,-91.1020700,448.0,31.351505616535235,1960.0
46.30099000,-91.1015500,448.0,31.384291327239442,1960.0
46.30129000,-91.1010400,448.0,31.41626484714044,1960.0
46.30160000,-91.1005200,448.0,31.44905034846966,1960.0
46.30191000,-91.1000100,451.0,31.481475853490384,1963.0
46.30183000,-91.0993100,450.0,31.51534357333813,1964.0
46.30175000,-91.0986200,446.0,31.548740494429982,1968.0
46.30168000,-91.0979200,445.0,31.582502424731658,1969.0
46.30160000,-91.0972300,447.0,31.61589943481595,1971.0
46.30152000,-91.0965300,451.0,31.64976734131967,1975.0
46.30194000,-91.0961900,456.0,31.683016564208888,1980.0
46.30235000,-91.0958400,460.0,31.715904329680605,1984.0
46.30277000,-91.0955000,461.0,31.749153432474525,1985.0
46.30318000,-91.0951500,465.0,31.78204106928364,1989.0
46.30360000,-91.0948100,466.0,31.81529005198232,1990.0
46.30347000,-91.0940600,466.0,31.852198888876146,1990.0
46.30334000,-91.0933000,462.0,31.889570962524843,1994.0
46.30321000,-91.0925500,459.0,31.926479964323793,1997.0
46.30308000,-91.0917900,457.0,31.963852205205644,1999.0
46.30295000,-91.0910400,454.0,32.00076137190917,2002.0
46.30342000,-91.0909900,459.0,32.03332281848033,2007.0
46.30389000,-91.0909400,462.0,32.06588426354972,2010.0
46.30435000,-91.0908800,463.0,32.09779596369937,2011.0
46.30482000,-91.0908300,462.0,32.13035740579717,2012.0
46.30529000,-91.0907800,464.0,32.1629188463932,2014.0
46.30562000,-91.0903000,463.0,32.19524184397647,2015.0
46.30595000,-91.0898300,463.0,32.22722820202981,2015.0
46.30629000,-91.0893500,462.0,32.260042047704744,2016.0
46.30662000,-91.0888700,457.0,32.29236474864065,2021.0
46.30695000,-91.0884000,457.0,32.32435081928483,2021.0
46.30728000,-91.0879200,459.0,32.356673324431675,2023.0
46.30762000,-91.0874400,464.0,32.3894867814668,2028.0
46.30795000,-91.0869700,465.0,32.42147256469956,2029.0
46.30828000,-91.0864900,465.0,32.453794773195305,2029.0
46.30808000,-91.0858600,467.0,32.48688687806786,2031.0
46.30789000,-91.0852200,467.0,32.52013452894565,2031.0
46.30769000,-91.0845900,461.0,32.55322682848251,2037.0
46.30750000,-91.0839600,454.0,32.58603671370503,2044.0
46.30730000,-91.0833200,452.0,32.619563485025445,2046.0
46.30710000,-91.0826900,450.0,32.652656079052825,2048.0
46.30691000,-91.0820500,452.0,32.685904232376636,2050.0
46.30671000,-91.0814200,451.0,32.71899702106596,2051.0
46.30679000,-91.0807400,451.0,32.75192038317542,2051.0
46.30687000,-91.0800600,454.0,32.78484369852594,2054.0
46.30694000,-91.0793900,457.0,32.817186035443704,2057.0
46.30702000,-91.0787100,460.0,32.85010926311967,2060.0
46.30710000,-91.0780300,465.0,32.8830324440357,2065.0
46.30659000,-91.0776600,465.0,32.922447662415124,2065.0
46.30607000,-91.0772900,465.0,32.96248185220238,2065.0
46.30556000,-91.0769200,468.0,33.00189721946436,2068.0
46.30543000,-91.0762600,471.0,33.03465490454375,2071.0
46.30529000,-91.0755900,475.0,33.0680653914273,2075.0
46.30516000,-91.0749300,478.0,33.1008232259264,2078.0
46.30502000,-91.0742600,482.0,33.13423386378258,2082.0
46.30460000,-91.0735300,480.0,33.1795792164622,2084.0
46.30419000,-91.0728000,481.0,33.22448574325763,2085.0
46.30376000,-91.0731400,478.0,33.25833935853773,2088.0
46.30334000,-91.0734800,473.0,33.291588318085,2093.0
46.30291000,-91.0738300,472.0,33.325673453256016,2094.0
46.30249000,-91.0741700,472.0,33.358922535792445,2094.0
46.30206000,-91.0745100,470.0,33.392776392658035,2096.0
46.30174000,-91.0739700,469.0,33.42673605541219,2097.0
46.30143000,-91.0734200,470.0,33.46061860043343,2098.0
46.30111000,-91.0728800,474.0,33.49457848831846,2102.0
46.30122000,-91.0722400,478.0,33.52605968102129,2106.0
46.30134000,-91.0715900,482.0,33.55817564152108,2110.0
46.30145000,-91.0709500,482.0,33.589656709683915,2110.0
46.30156000,-91.0703100,482.0,33.62113771828332,2110.0
46.30168000,-91.0696700,481.0,33.652792574524206,2111.0
46.30179000,-91.0690200,480.0,33.68473688507137,2112.0
46.30190000,-91.0683800,478.0,33.71621770956716,2114.0
46.30201000,-91.0677400,477.0,33.747698474500304,2115.0
46.30213000,-91.0670900,478.0,33.779814002479895,2116.0
46.30224000,-91.0664500,480.0,33.81129464287085,2118.0
46.30188000,-91.0660200,471.0,33.84354350798027,2127.0
46.30153000,-91.0655900,465.0,33.875262589953905,2133.0
46.30117000,-91.0651600,464.0,33.90751162447747,2134.0
46.30081000,-91.0647300,464.0,33.939760744901555,2134.0
46.30071000,-91.0640800,467.0,33.97154829119375,2137.0
46.30061000,-91.0634300,466.0,34.00333589280148,2138.0
46.30051000,-91.0627800,473.0,34.035123549723124,2145.0
46.30041000,-91.0621300,479.0,34.06691126196013,2151.0
46.30032000,-91.0614900,478.0,34.09808813186629,2152.0
46.30022000,-91.0608400,482.0,34.12987594920068,2156.0
46.30012000,-91.0601900,485.0,34.161663821848855,2159.0
46.30002000,-91.0595400,480.0,34.193451749811835,2164.0
46.29992000,-91.0588900,474.0,34.22523973308843,2170.0
46.30000000,-91.0581500,466.0,34.260993776781774,2178.0
46.30009000,-91.0574100,469.0,34.29686107909635,2181.0
46.30017000,-91.0566800,473.0,34.332143478051464,2185.0
46.30026000,-91.0559400,476.0,34.368010672350444,2188.0
46.30034000,-91.0552000,478.0,34.403764499327934,2190.0
46.30048000,-91.0544900,478.0,34.43900972604732,2190.0
46.30062000,-91.0537700,473.0,34.47471412895119,2195.0
46.30075000,-91.0530600,470.0,34.50977585981307,2198.0
46.30089000,-91.0523400,466.0,34.54548009956969,2202.0
46.30103000,-91.0516300,463.0,34.580724998908366,2205.0
46.30117000,-91.0509100,457.0,34.61642906947453,2211.0
46.30160000,-91.0506500,451.0,34.648627234067085,2217.0
46.30202000,-91.0504000,445.0,34.68000431077887,2223.0
46.30245000,-91.0501400,445.0,34.712202401102694,2223.0
46.30287000,-91.0498800,449.0,34.7437640326089,2227.0
46.30330000,-91.0496300,454.0,34.77578109612394,2232.0
46.30372000,-91.0493700,462.0,34.80734265186372,2240.0
46.30382000,-91.0487300,465.0,34.83866279743148,2243.0
46.30391000,-91.0480800,465.0,34.87030562475565,2243.0
46.30401000,-91.0474400,464.0,34.90162566691455,2244.0
46.30410000,-91.0467900,468.0,34.9332683886596,2248.0
46.30420000,-91.0461500,472.0,34.964588327408876,2252.0
46.30429000,-91.0455100,476.0,34.995763075807965,2256.0
46.30439000,-91.0448600,480.0,35.02754864177377,2260.0
46.30448000,-91.0442200,480.0,35.05872328628122,2260.0
46.30458000,-91.0435700,471.0,35.090508747142884,2269.0
46.30467000,-91.0429300,460.0,35.12168328775839,2280.0
46.30501000,-91.0424200,449.0,35.155512822182075,2291.0
46.30535000,-91.0419000,434.0,35.189687313355314,2306.0
46.30569000,-91.0413900,419.0,35.22351663019682,2321.0
46.30603000,-91.0408700,416.0,35.25769089745528,2324.0
46.30629000,-91.0402700,414.0,35.29149695638121,2326.0
46.30654000,-91.0396700,407.0,35.324940866915355,2333.0
46.30680000,-91.0390700,403.0,35.358746699821836,2337.0
46.30714000,-91.0385400,395.0,35.393268800732216,2345.0
46.30748000,-91.0380200,391.0,35.427442590520016,2349.0
46.30782000,-91.0374900,387.0,35.46196446116351,2353.0
46.30815000,-91.0369600,386.0,35.496019808357126,2354.0
46.30849000,-91.0364300,388.0,35.530541452118435,2356.0
46.30883000,-91.0359100,392.0,35.56471479736005,2360.0
46.30917000,-91.0353800,401.0,35.59923621085159,2369.0
46.30905000,-91.0347200,401.0,35.63180920803379,2369.0
46.30894000,-91.0340600,400.0,35.664213287607936,2370.0
46.30882000,-91.0334000,398.0,35.69678641279337,2372.0
46.30871000,-91.0327400,399.0,35.7291906210387,2373.0
46.30859000,-91.0320800,400.0,35.7617638742281,2374.0
46.30848000,-91.0314200,403.0,35.79416821114415,2377.0
46.30836000,-91.0307600,407.0,35.826741592336006,2381.0
46.30825000,-91.0301000,410.0,35.8591460579223,2384.0
46.30813000,-91.0294400,417.0,35.89171956711735,2391.0
46.30802000,-91.0287800,419.0,35.924124161373435,2393.0
46.30790000,-91.0281200,415.0,35.95669779856989,2397.0
46.30779000,-91.0274600,413.0,35.989102521495305,2399.0
46.30767000,-91.0268000,413.0,36.02167628669391,2399.0
46.30756000,-91.0261400,418.0,36.05408113828819,2404.0
46.30744000,-91.0254800,423.0,36.086655031487425,2409.0
46.30733000,-91.0248200,420.0,36.1190600117501,2412.0
46.30721000,-91.0241600,416.0,36.151634032950696,2416.0
46.30710000,-91.0235000,418.0,36.18403914188131,2418.0
46.30698000,-91.0228400,414.0,36.216613291081366,2422.0
46.30717000,-91.0221300,415.0,36.25295494078526,2423.0
46.30737000,-91.0214300,418.0,36.28911022863747,2426.0
46.30756000,-91.0207200,420.0,36.32545165320538,2428.0
46.30775000,-91.0200100,418.0,36.36179296809093,2430.0
46.30751000,-91.0194600,417.0,36.39284260539548,2431.0
46.30727000,-91.0189000,419.0,36.42429689561153,2433.0
46.30703000,-91.0183500,420.0,36.45534672753115,2434.0
46.30678000,-91.0177900,416.0,36.48717088631659,2438.0
46.30654000,-91.0172400,415.0,36.51822091690439,2439.0
46.30630000,-91.0166800,414.0,36.549675609590196,2440.0
46.30606000,-91.0161300,416.0,36.58072583478981,2442.0
46.30582000,-91.0155700,415.0,36.6121807266342,2443.0
46.30558000,-91.0150200,414.0,36.643231146445395,2444.0
46.30534000,-91.0144600,413.0,36.67468623744675,2445.0
46.30510000,-91.0139100,413.0,36.70573685186902,2445.0
46.30485000,-91.0133500,411.0,36.737561802133364,2447.0
46.30461000,-91.0128000,411.0,36.76861261521968,2447.0
46.30437000,-91.0122400,413.0,36.80006810868063,2449.0
46.30413000,-91.0116900,411.0,36.83111911637502,2451.0
46.30416000,-91.0110100,404.0,36.86364282540694,2458.0
46.30418000,-91.0103300,401.0,36.896129803461804,2461.0
46.30421000,-91.0096500,402.0,36.92865348290966,2462.0
46.30423000,-91.0089700,404.0,36.961140431346365,2464.0
46.30426000,-91.0082900,412.0,36.9936640812102,2472.0
46.30428000,-91.0076100,415.0,37.02615100003008,2475.0
46.30431000,-91.0069300,420.0,37.05867462030984,2480.0
46.30433000,-91.0062500,418.0,37.09116150951219,2482.0
46.30436000,-91.0055700,415.0,37.12368510020716,2485.0
46.30438000,-91.0048900,412.0,37.15617195979196,2488.0
46.30441000,-91.0042100,412.0,37.18869552090345,2488.0
46.30443000,-91.0035300,416.0,37.22118235087069,2492.0
46.30480000,-91.0031400,414.0,37.25280626189473,2494.0
46.30518000,-91.0027500,412.0,37.28499121426575,2496.0
46.30555000,-91.0023600,414.0,37.31661497516805,2498.0
46.30592000,-91.0019600,418.0,37.348521953271195,2502.0
46.30629000,-91.0015700,420.0,37.38014556605206,2504.0
46.30667000,-91.0011800,423.0,37.41233022537903,2507.0
46.30704000,-91.0007900,428.0,37.44395368803748,2512.0
46.30719000,-91.0001500,424.0,37.476210641952825,2516.0
46.30733000,-90.9995100,417.0,37.508252206491484,2523.0
46.30748000,-90.9988700,414.0,37.54050900715662,2526.0
46.30762000,-90.9982300,408.0,37.572550417413645,2532.0
46.30777000,-90.9975900,405.0,37.60480706482728,2535.0
46.30792000,-90.9969500,402.0,37.63706363297279,2538.0
46.30806000,-90.9963000,400.0,37.669560143088624,2540.0
46.30821000,-90.9956600,389.0,37.70181655798164,2551.0
46.30836000,-90.9950200,380.0,37.7340728936057,2560.0
46.30850000,-90.9943800,371.0,37.766113835695585,2569.0
46.30865000,-90.9937400,366.0,37.79837001806615,2574.0
46.30879000,-90.9931000,365.0,37.83041080587298,2575.0
46.30894000,-90.9924600,372.0,37.86266683498939,2582.0
46.30852000,-90.9920300,376.0,37.89820983144128,2586.0
46.30811000,-90.9916000,378.0,37.93319107949324,2588.0
46.30769000,-90.9911700,379.0,37.96873425563655,2589.0
46.30728000,-90.9907400,380.0,38.003715686265224,2590.0
46.30686000,-90.9903100,387.0,38.03925904209889,2597.0
46.30707000,-90.9896600,397.0,38.07350841384088,2607.0
46.30728000,-90.9890100,404.0,38.10775767777267,2614.0
46.30749000,-90.9883600,412.0,38.14200683389315,2622.0
46.30771000,-90.9877200,413.0,38.17612630390319,2623.0
46.30792000,-90.9870700,413.0,38.21037523926706,2623.0
46.30813000,-90.9864200,416.0,38.244624066819505,2626.0
46.30834000,-90.9857700,416.0,38.27887278655941,2626.0
46.30809000,-90.9851600,422.0,38.312725479054535,2632.0
46.30784000,-90.9845500,434.0,38.34657828590862,2644.0
46.30759000,-90.9839300,444.0,38.38084255235841,2654.0
46.30734000,-90.9833200,450.0,38.41469558793031,2660.0
46.30708000,-90.9827100,453.0,38.44890644501745,2663.0
46.30683000,-90.9821000,453.0,38.48275971388062,2663.0
46.30658000,-90.9814800,453.0,38.51702445188026,2663.0
46.30633000,-90.9808700,452.0,38.55087794945907,2664.0
46.30630000,-90.9801600,449.0,38.58482948171599,2667.0
46.30626000,-90.9794400,447.0,38.61930595437257,2669.0
46.30623000,-90.9787300,451.0,38.65325752988317,2673.0
46.30620000,-90.9780100,451.0,38.68768554536553,2673.0
46.30616000,-90.9773000,447.0,38.72168633842014,2677.0
46.30613000,-90.9765800,450.0,38.75611439776754,2680.0
46.30610000,-90.9758700,453.0,38.79006605360626,2683.0
46.30606000,-90.9751500,451.0,38.8245426514153,2685.0
46.30603000,-90.9744400,455.0,38.85849435050755,2689.0
46.30648000,-90.9743000,458.0,38.89029629852417,2692.0
46.30693000,-90.9741700,461.0,38.92200138131771,2695.0
46.30738000,-90.9740300,466.0,38.953803306250244,2700.0
46.30782000,-90.9739000,469.0,38.98483109081577,2703.0
46.30827000,-90.9737600,471.0,39.01663299292072,2705.0
46.30872000,-90.9736300,473.0,39.04833803600625,2707.0
46.30917000,-90.9734900,474.0,39.080139915027154,2708.0
46.30919000,-90.9727900,481.0,39.113577633055385,2715.0
46.30920000,-90.9720900,483.0,39.146993919636834,2717.0
46.30922000,-90.9713900,482.0,39.18043161936948,2718.0
46.30923000,-90.9706900,482.0,39.21384788764291,2718.0
46.30925000,-90.9699900,483.0,39.2472855690806,2719.0
46.30926000,-90.9692900,481.0,39.2807018190467,2721.0
46.30928000,-90.9685800,481.0,39.31461635299854,2721.0
46.30929000,-90.9678800,480.0,39.34803258465795,2722.0
46.30931000,-90.9671800,472.0,39.38147022950373,2730.0
46.30932000,-90.9664800,470.0,39.4148864428551,2732.0
46.30934000,-90.9657800,471.0,39.4483240694059,2733.0
46.30935000,-90.9650800,466.0,39.481740264449904,2738.0
46.30895000,-90.9647200,464.0,39.514283133364934,2740.0
46.30854000,-90.9643600,464.0,39.547414857991285,2740.0
46.30814000,-90.9640100,466.0,39.579708409391486,2742.0
46.30773000,-90.9636500,472.0,39.6128402658774,2748.0
46.30733000,-90.9632900,478.0,39.64538340328291,2754.0
46.30692000,-90.9629300,484.0,39.67851539162803,2760.0
46.30673000,-90.9623400,483.0,39.70958535907235,2761.0
46.30654000,-90.9617400,482.0,39.74108865926765,2762.0
46.30635000,-90.9611500,483.0,39.77215880389139,2763.0
46.30616000,-90.9605500,484.0,39.80366228480331,2764.0
46.30597000,-90.9599600,484.0,39.834732606605556,2764.0
46.30578000,-90.9593600,485.0,39.866236268231944,2765.0
46.30559000,-90.9587700,483.0,39.8973067672118,2767.0
46.30539000,-90.9581800,479.0,39.92867553701434,2771.0
46.30520000,-90.9575800,478.0,39.960179474467836,2772.0
46.30501000,-90.9569900,475.0,39.991250243874326,2775.0
46.30482000,-90.9563900,472.0,40.02275436204056,2778.0
46.30463000,-90.9558000,468.0,40.053825308623,2782.0
46.30444000,-90.9552000,466.0,40.08532960750042,2784.0
46.30425000,-90.9546100,463.0,40.116400731257286,2787.0
46.30457000,-90.9540800,470.0,40.14999864765977,2794.0
46.30490000,-90.9535600,474.0,40.18370207203212,2798.0
46.30522000,-90.9530300,476.0,40.217299762270734,2800.0
46.30554000,-90.9525000,482.0,40.25089734116699,2806.0
46.30586000,-90.9519700,481.0,40.284494808720254,2807.0
46.30619000,-90.9514500,478.0,40.31819780237359,2810.0
46.30651000,-90.9509200,477.0,40.35179504376043,2811.0
46.30674000,-90.9503100,478.0,40.38496467913411,2812.0
46.30697000,-90.9497000,476.0,40.418134207130066,2814.0
46.30720000,-90.9490900,474.0,40.45130362774835,2816.0
46.30743000,-90.9484800,472.0,40.48447294098724,2818.0
46.30765000,-90.9478600,472.0,40.51774054891498,2818.0
46.30788000,-90.9472500,471.0,40.55090965206506,2819.0
46.30811000,-90.9466400,466.0,40.5840786478353,2824.0
46.30834000,-90.9460300,465.0,40.61724753622634,2825.0
46.30829000,-90.9453500,467.0,40.64988600092849,2827.0
46.30824000,-90.9446800,470.0,40.68204993433944,2830.0
46.30819000,-90.9440000,473.0,40.714688458001774,2833.0
46.30814000,-90.9433200,472.0,40.74732701114391,2834.0
46.30808000,-90.9426500,470.0,40.77957256402041,2836.0
46.30803000,-90.9419700,469.0,40.812211182017855,2837.0
46.30798000,-90.9413000,472.0,40.84437526644358,2840.0
46.30793000,-90.9406200,472.0,40.877013943400385,2840.0
46.30808000,-90.9399600,472.0,40.910175799491476,2840.0
46.30823000,-90.9393000,472.0,40.94333757358392,2840.0
46.30838000,-90.9386500,469.0,40.97604623248211,2843.0
46.30852000,-90.9379900,461.0,41.008998444712226,2851.0
46.30867000,-90.9373300,460.0,41.042159978273624,2852.0
46.30882000,-90.9366700,459.0,41.0753214298355,2853.0
46.30842000,-90.9363100,458.0,41.10786438659017,2854.0
46.30802000,-90.9359400,459.0,41.14066191102238,2855.0
46.30762000,-90.9355800,458.0,41.173205000364895,2856.0
46.30722000,-90.9352100,457.0,41.20600266376623,2857.0
46.30714000,-90.9345200,455.0,41.239396386916134,2859.0
46.30707000,-90.9338200,452.0,41.27315506149319,2862.0
46.30699000,-90.9331200,453.0,41.307019674285996,2863.0
46.30691000,-90.9324300,458.0,41.3404135339035,2868.0
46.30684000,-90.9317400,461.0,41.373700047697355,2871.0
46.30676000,-90.9310400,465.0,41.40756479898912,2875.0
46.30668000,-90.9303400,466.0,41.44142959845333,2876.0
46.30660000,-90.9296500,469.0,41.47482364200383,2879.0
46.30653000,-90.9289600,472.0,41.50811034032386,2882.0
46.30645000,-90.9282600,475.0,41.541975278286415,2885.0
46.30641000,-90.9275900,478.0,41.57407341959389,2888.0
46.30638000,-90.9269100,480.0,41.60659579731941,2890.0
46.30634000,-90.9262400,483.0,41.63869397936822,2893.0
46.30631000,-90.9255600,483.0,41.671216398513536,2893.0
46.30627000,-90.9248900,482.0,41.70331462130369,2894.0
46.30624000,-90.9242200,479.0,41.73536076760216,2897.0
46.30620000,-90.9235400,477.0,41.76793458392203,2899.0
46.30616000,-90.9228700,476.0,41.80003287073408,2900.0
46.30613000,-90.9222000,473.0,41.83207908115853,2903.0
46.30609000,-90.9215200,468.0,41.86465296246285,2908.0
46.30606000,-90.9208500,466.0,41.89669921369469,2910.0
46.30602000,-90.9201700,460.0,41.929273136352684,2916.0
46.30599000,-90.9195000,458.0,41.96131942839186,2918.0
46.30595000,-90.9188300,459.0,41.993417837427295,2919.0
46.30591000,-90.9181500,458.0,42.025991825069546,2920.0
46.30588000,-90.9174800,457.0,42.05803818123444,2921.0
46.30584000,-90.9168100,453.0,42.09013665429147,2925.0
46.30581000,-90.9161300,458.0,42.12265936928649,2930.0
46.30577000,-90.9154600,468.0,42.154757883084486,2940.0
46.30574000,-90.9147800,472.0,42.18728063949826,2944.0
46.30570000,-90.9141100,471.0,42.21937919403717,2945.0
46.30570000,-90.9140500,471.0,42.22224301769045,2945.0
46.30539000,-90.9135700,467.0,42.25360651053944,2949.0
46.30526000,-90.9130200,463.0,42.28135251531557,2953.0
46.30537000,-90.9122100,464.0,42.32075436648094,2954.0
46.30525000,-90.9115200,461.0,42.354716197279046,2957.0
46.30489000,-90.9107200,458.0,42.40028780415137,2960.0
46.30471000,-90.9098500,457.0,42.44363631135853,2961.0
46.30468000,-90.9084400,463.0,42.51096931516899,2967.0
46.30462000,-90.9079400,463.0,42.53519235127143,2967.0
46.30426000,-90.9070700,456.0,42.58359831831942,2974.0
46.30349000,-90.9062600,453.0,42.649365015940894,2977.0
46.30322000,-90.9056900,451.0,42.682353861568934,2979.0
46.30319000,-90.9043100,438.0,42.74825741256225,2992.0
46.30318000,-90.9033300,440.0,42.795040450300775,2994.0
46.30302000,-90.9024700,437.0,42.8375530519592,2997.0
46.30259000,-90.9005100,437.0,42.935713707388544,2997.0
46.30237000,-90.8996100,436.0,42.981283517450414,2998.0
46.30242000,-90.8991500,436.0,43.0035109339602,2998.0
46.30269000,-90.8969200,444.0,43.111578190219234,3006.0
46.30315000,-90.8942600,446.0,43.24246499934584,3008.0
46.30373000,-90.8921100,444.0,43.35263641626743,3010.0
46.30511000,-90.8882800,444.0,43.558819596313846,3010.0
46.30542000,-90.8870100,441.0,43.623110517297526,3013.0
46.30546000,-90.8868800,441.0,43.629903160828036,3013.0
46.30571000,-90.8845600,446.0,43.741977030347165,3018.0
46.30560000,-90.8839200,446.0,43.773455791731145,3018.0
46.30561000,-90.8831300,447.0,43.81116919830583,3019.0
46.30576000,-90.8827200,446.0,43.8333136448506,3020.0
46.30577000,-90.8821600,445.0,43.86005156255903,3021.0
46.30570000,-90.8814200,445.0,43.89570163395691,3021.0
46.30582000,-90.8809700,446.0,43.91872502543675,3022.0
46.30602000,-90.8806700,446.0,43.938624548291045,3022.0
46.30666000,-90.8804500,443.0,43.98407392963383,3025.0
46.30735000,-90.8804200,437.0,44.03176982285004,3031.0
46.30871000,-90.8794600,432.0,44.13631256263166,3036.0
46.30973000,-90.8784500,432.0,44.22169661327176,3036.0
46.31045000,-90.8770300,431.0,44.30576676265991,3037.0
46.31078000,-90.8759000,431.0,44.364319093944125,3037.0
46.31088000,-90.8752100,433.0,44.39796700773053,3039.0
46.31191000,-90.8730000,428.0,44.525203845027214,3044.0
46.31140000,-90.8723700,437.0,44.57152560341992,3053.0
46.31136000,-90.8709300,446.0,44.64030578796384,3062.0
46.31198000,-90.8699100,438.0,44.7051501778801,3070.0
46.31578000,-90.8682500,438.0,44.97939613453198,3070.0
46.31630000,-90.8678800,437.0,45.019428942460756,3071.0
46.31668000,-90.8663400,432.0,45.09746852323544,3076.0
46.31760000,-90.8644000,429.0,45.209768268748775,3079.0
46.31762000,-90.8609400,417.0,45.3748852814037,3091.0
46.31726000,-90.8602500,417.0,45.41615121338723,3091.0
46.31696000,-90.8601600,418.0,45.437319480865014,3092.0
46.31659000,-90.8600400,425.0,45.463517532360896,3099.0
46.31604000,-90.8588600,432.0,45.53145149539233,3106.0
46.31537000,-90.8578300,431.0,45.59897221137512,3107.0
46.31532000,-90.8565500,435.0,45.66015396365629,3111.0
46.31622000,-90.8547300,434.0,45.76697320860441,3112.0
46.31643000,-90.8531900,430.0,45.84188240561308,3116.0
46.31635000,-90.8521500,426.0,45.89181917962884,3120.0
46.31597000,-90.8506700,436.0,45.96716897019376,3130.0
46.31592000,-90.8494000,441.0,46.02787360656761,3135.0
46.31601000,-90.8484700,440.0,46.072688074378014,3136.0
46.31535000,-90.8455700,445.0,46.21840046918111,3141.0
46.31434000,-90.8430500,441.0,46.35744157945567,3145.0
46.31311000,-90.8407800,441.0,46.495130580158175,3145.0
46.31305000,-90.8406800,441.0,46.50145211150888,3145.0
46.31291000,-90.8386600,443.0,46.59833876893614,3147.0
46.31291000,-90.8359000,446.0,46.73005730523217,3150.0
46.31285000,-90.8340400,440.0,46.81892094493443,3156.0
46.31220000,-90.8331800,432.0,46.87976087548698,3164.0
46.31163000,-90.8327500,421.0,46.9241700852375,3175.0
46.31150000,-90.8325500,418.0,46.9372768315061,3178.0
46.31145000,-90.8320000,418.0,46.96375213986252,3178.0
46.31156000,-90.8317200,420.0,46.97912537306561,3180.0
46.31350000,-90.8281500,411.0,47.195908834581225,3189.0
46.31357000,-90.8277800,412.0,47.21421694910054,3190.0
46.31340000,-90.8226200,441.0,47.46075072494452,3219.0
46.31374000,-90.8195400,446.0,47.60960459317612,3224.0
46.31616000,-90.8176900,450.0,47.7986872954352,3228.0
46.31685000,-90.8163500,443.0,47.87844914119599,3235.0
46.31716000,-90.8138100,442.0,48.00153721553348,3236.0
46.31686000,-90.8121900,448.0,48.08157509793878,3242.0
46.31627000,-90.8113200,452.0,48.13975987477754,3246.0
46.31615000,-90.8096600,443.0,48.21940982946018,3255.0
46.31783000,-90.8030100,439.0,48.557314469470846,3259.0
46.31795000,-90.8026800,439.0,48.57511133554144,3259.0
46.31974000,-90.7991300,453.0,48.78485670878467,3273.0
46.31976000,-90.7991200,453.0,48.78631864490161,3273.0
46.32001000,-90.7985800,454.0,48.817340315792116,3274.0
46.32026000,-90.7980300,454.0,48.84875937335466,3274.0
46.32051000,-90.7974900,452.0,48.87978084865275,3276.0
46.32076000,-90.7969400,451.0,48.91119970587773,3277.0
46.32101000,-90.7960300,450.0,48.957931824819816,3278.0
46.32516000,-90.7849800,464.0,49.558110430429515,3292.0
46.32603000,-90.7825600,466.0,49.68828590058849,3294.0
46.32657000,-90.7810700,466.0,49.768573321301034,3294.0
46.32677000,-90.7783200,467.0,49.90050728961614,3295.0
46.32710000,-90.7772800,465.0,49.955115490461196,3297.0
46.32729000,-90.7766700,465.0,49.987043320494344,3297.0
46.32731000,-90.7761300,464.0,50.012844593180986,3298.0
46.32705000,-90.7751800,462.0,50.061600805659324,3300.0
46.32502000,-90.7729900,457.0,50.236503710434256,3305.0
46.32444000,-90.7716100,445.0,50.313584872145704,3317.0
46.32443000,-90.7694300,431.0,50.417603809799296,3331.0
46.32443000,-90.7683000,425.0,50.47152069843774,3337.0
46.32338000,-90.7663700,412.0,50.58875379539476,3350.0
46.32336000,-90.7659000,411.0,50.61122237262529,3351.0
46.32317000,-90.7579300,436.0,50.991738054570526,3376.0
46.32313000,-90.7577300,436.0,51.00167323174727,3376.0
46.32309000,-90.7554600,437.0,51.11002201704916,3377.0
46.32231000,-90.7525200,437.0,51.2603016588016,3377.0
46.32108000,-90.7501900,447.0,51.40024184545832,3387.0
46.32004000,-90.7485600,445.0,51.506133654700946,3389.0
46.31981000,-90.7404800,445.0,51.89202236785165,3389.0
46.31979000,-90.7402800,444.0,51.90166551221695,3390.0
46.31976000,-90.7386800,439.0,51.97804263724068,3395.0
46.31982000,-90.7369400,440.0,52.06117557321886,3396.0
46.32008000,-90.7353900,439.0,52.137288765557656,3397.0
46.32028000,-90.7349100,439.0,52.16403896048888,3397.0
46.32065000,-90.7345300,439.0,52.19538124005117,3397.0
46.32110000,-90.7342000,443.0,52.23023335148153,3401.0
46.32124000,-90.7341500,443.0,52.240196305719344,3401.0
46.32162000,-90.7340400,443.0,52.266971287589,3401.0
46.32204000,-90.7339800,444.0,52.296131370771356,3402.0
46.32308000,-90.7335400,441.0,52.37099272926074,3405.0
46.32406000,-90.7329100,442.0,52.445076906249504,3406.0
46.32470000,-90.7322400,440.0,52.49964215353002,3408.0
46.32500000,-90.7320200,440.0,52.522876549892395,3408.0
46.32517000,-90.7317500,440.0,52.540310075775515,3408.0
46.32521000,-90.7312400,440.0,52.56480035231233,3408.0
46.32507000,-90.7307300,440.0,52.590986316237725,3408.0
46.32489000,-90.7301600,441.0,52.62089177885571,3409.0
46.32486000,-90.7297200,441.0,52.64198787339379,3409.0
46.32507000,-90.7291200,437.0,52.67408304113946,3413.0
46.32523000,-90.7286000,435.0,52.701245450915295,3415.0
46.32532000,-90.7280600,435.0,52.72775042695456,3415.0
46.32528000,-90.7275600,435.0,52.751766630147166,3415.0
46.32502000,-90.7270400,433.0,52.78239830966626,3417.0
46.32496000,-90.7267800,431.0,52.7954781850765,3419.0
46.32501000,-90.7253100,431.0,52.865702170357004,3419.0
46.32499000,-90.7234000,432.0,52.95684555297671,3420.0
46.32495000,-90.7223100,425.0,53.0089267474388,3427.0
46.32488000,-90.7213500,426.0,53.05498647522021,3428.0
46.32472000,-90.7207700,425.0,53.08478681136635,3429.0
46.32447000,-90.7201900,424.0,53.11740923052914,3430.0
46.32419000,-90.7192800,419.0,53.164944042124446,3435.0
46.32407000,-90.7187600,417.0,53.19110416287821,3437.0
46.32406000,-90.7182700,419.0,53.21449441572448,3439.0
46.32403000,-90.7176900,423.0,53.242246283162125,3443.0
46.32413000,-90.7174100,423.0,53.257287196637584,3443.0
46.32429000,-90.7168700,427.0,53.285324361938635,3447.0
46.32441000,-90.7160300,431.0,53.32625283532114,3451.0
46.32445000,-90.7154500,434.0,53.35406465094167,3454.0
46.32433000,-90.7148800,436.0,53.3824974255098,3456.0
46.32418000,-90.7141100,438.0,53.420671185886405,3458.0
46.32412000,-90.7134600,440.0,53.451961323149966,3460.0
46.32397000,-90.7128600,441.0,53.48240818478443,3461.0
46.32393000,-90.7124700,440.0,53.501220945405045,3462.0
46.32396000,-90.7120800,440.0,53.51994468178475,3462.0
46.32408000,-90.7116800,440.0,53.540753586088094,3462.0
46.32410000,-90.7116200,440.0,53.54393250582718,3462.0
46.32433000,-90.7110900,438.0,53.573799703598645,3464.0
46.32455000,-90.7108900,437.0,53.59174744432877,3465.0
46.32470000,-90.7107300,438.0,53.60461965577716,3466.0
46.32509000,-90.7103200,442.0,53.63791835831997,3470.0
