Entity,Code,Year,below_poverty_line
Albania,ALB,1996,99.91246507775932
Albania,ALB,2002,99.63838560500015
Albania,ALB,2005,99.4344584351572
Albania,ALB,2008,99.0158642448724
Albania,ALB,2012,99.61829859921708
Albania,ALB,2014,99.12648854074303
Albania,ALB,2015,98.35724035400422
Albania,ALB,2016,97.88307666824616
Albania,ALB,2017,98.27504310178699
Albania,ALB,2018,98.34705795318143
Albania,ALB,2019,95.80728326378272
Algeria,DZA,1988,99.02948164020016
Algeria,DZA,1995,99.6575140552302
Algeria,DZA,2011,99.3888816445744
Angola,AGO,2000,99.07764923342076
Angola,AGO,2008,99.71062656435812
Angola,AGO,2018,99.64931395418476
Argentina - urban,,1980,77.23707213400249
Argentina - urban,,1986,75.1824764671713
Argentina - urban,,1987,79.0447653083701
Argentina - urban,,1991,89.47569954547942
Argentina - urban,,1992,87.66574768413712
Argentina - urban,,1993,88.14374217033543
Argentina - urban,,1994,88.41073674505509
Argentina - urban,,1995,88.70017883542339
Argentina - urban,,1996,88.64941114070429
Argentina - urban,,1997,87.68931917853368
Argentina - urban,,1998,88.31414685290937
Argentina - urban,,1999,89.31036440376886
Argentina - urban,,2000,89.4543717299452
Argentina - urban,,2001,90.59897411144271
Argentina - urban,,2002,95.01317540045346
Argentina - urban,,2003,91.46320094393073
Argentina - urban,,2004,90.04354907344663
Argentina - urban,,2005,88.66910931457828
Argentina - urban,,2006,86.18428099598371
Argentina - urban,,2007,85.53800584564456
Argentina - urban,,2008,84.48942706187017
Argentina - urban,,2009,83.34218014753706
Argentina - urban,,2010,82.8418966226973
Argentina - urban,,2011,80.76275500904751
Argentina - urban,,2012,80.77765610053818
Argentina - urban,,2013,80.79850545702682
Argentina - urban,,2014,82.85709026012722
Argentina - urban,,2016,81.72228307931464
Argentina - urban,,2017,79.81985305743831
Argentina - urban,,2018,83.6647312419245
Argentina - urban,,2019,84.18266177398289
Argentina - urban,,2020,87.96235435886601
Armenia,ARM,1996,98.7333385084398
Armenia,ARM,1999,99.6329370514436
Armenia,ARM,2001,99.73055750109212
Armenia,ARM,2002,99.65560425798373
Armenia,ARM,2003,99.58402662229616
Armenia,ARM,2004,99.0353584958608
Armenia,ARM,2005,98.76930623758811
Armenia,ARM,2006,99.67619435158848
Armenia,ARM,2007,99.43184209883316
Armenia,ARM,2008,99.63913655978348
Armenia,ARM,2009,99.82692212702028
Armenia,ARM,2010,99.66200274700304
Armenia,ARM,2011,99.5902181449931
Armenia,ARM,2012,99.3182187351982
Armenia,ARM,2013,99.60308137610764
Armenia,ARM,2014,98.96194144173452
Armenia,ARM,2015,98.59429213296565
Armenia,ARM,2016,99.49424165774798
Armenia,ARM,2017,98.7966373572616
Armenia,ARM,2018,98.26598174502203
Armenia,ARM,2019,99.5320794571435
Armenia,ARM,2020,99.7965521091558
Australia,AUS,1981,52.49386648228764
Australia,AUS,1985,51.3374076609985
Australia,AUS,1989,49.74659551588506
Australia,AUS,1995,55.249382619017105
Australia,AUS,2001,46.73044487334963
Australia,AUS,2003,44.49461421002664
Australia,AUS,2004,38.74768843239199
Australia,AUS,2008,26.335820594211402
Australia,AUS,2010,25.00391398694159
Australia,AUS,2014,20.2378642347118
Australia,AUS,2016,21.24447407781117
Australia,AUS,2018,20.24565636766516
Austria,AUT,1987,25.247373687366732
Austria,AUT,1994,28.931053538746347
Austria,AUT,1995,37.74981011246068
Austria,AUT,1997,29.998950222146618
Austria,AUT,2000,25.661945496242172
Austria,AUT,2003,24.44429467045936
Austria,AUT,2004,21.72155934728765
Austria,AUT,2005,22.97081048897399
Austria,AUT,2006,22.30267322072195
Austria,AUT,2007,21.68793672200448
Austria,AUT,2008,20.19829202327596
Austria,AUT,2009,19.752089938593258
Austria,AUT,2010,18.33632242168066
Austria,AUT,2011,20.15908025429896
Austria,AUT,2012,19.98089901023499
Austria,AUT,2013,18.1625842922221
Austria,AUT,2014,19.34046015565949
Austria,AUT,2015,19.58873284091587
Austria,AUT,2016,17.16787310714232
Austria,AUT,2017,17.19116137651087
Austria,AUT,2018,17.54940496505563
Austria,AUT,2019,15.64432942924909
Azerbaijan,AZE,1995,99.66861757517425
Azerbaijan,AZE,2001,98.78965262030403
Azerbaijan,AZE,2002,99.02539703406073
Azerbaijan,AZE,2003,98.85893153435241
Azerbaijan,AZE,2004,98.53247419326449
Azerbaijan,AZE,2005,98.26106352596574
Bangladesh,BGD,1983,99.99900000000001
Bangladesh,BGD,1985,99.99900000000001
Bangladesh,BGD,1988,99.99900000000001
Bangladesh,BGD,1991,99.98792607844376
Bangladesh,BGD,1995,99.91299117027617
Bangladesh,BGD,2000,99.96514179552244
Bangladesh,BGD,2005,99.9199998345986
Bangladesh,BGD,2010,99.87636378548991
Bangladesh,BGD,2016,99.8255283937494
Belarus,BLR,1993,99.99900000000001
Belarus,BLR,1995,98.8976892089844
Belarus,BLR,1998,99.87555107947976
Belarus,BLR,1999,99.93687370008409
Belarus,BLR,2000,99.85309726355742
Belarus,BLR,2001,99.71476974371865
Belarus,BLR,2002,99.61950177403776
Belarus,BLR,2003,99.77161855778476
Belarus,BLR,2004,99.69986246207264
Belarus,BLR,2005,98.98844638321891
Belarus,BLR,2006,98.31172617585715
Belarus,BLR,2007,96.47964299802784
Belarus,BLR,2008,96.5305628415038
Belarus,BLR,2009,96.20690115014908
Belarus,BLR,2010,93.04538846553989
Belarus,BLR,2011,93.98767839716592
Belarus,BLR,2012,91.34087272135588
Belarus,BLR,2013,87.78698630367936
Belarus,BLR,2014,85.89526118772442
Belarus,BLR,2015,89.79242673480377
Belarus,BLR,2016,91.51764762768214
Belarus,BLR,2017,90.16390378782896
Belarus,BLR,2018,87.61365389446122
Belarus,BLR,2019,85.2543397620413
Belarus,BLR,2020,85.27941736365929
Belgium,BEL,1985,57.99989068022828
Belgium,BEL,1988,54.474024710114186
Belgium,BEL,1992,45.96173023985055
Belgium,BEL,1995,33.694019475207895
Belgium,BEL,1997,33.4803323902932
Belgium,BEL,2000,27.24343668042727
Belgium,BEL,2003,29.38709362680216
Belgium,BEL,2004,26.923961587555702
Belgium,BEL,2005,25.63644123191836
Belgium,BEL,2006,25.64584967247213
Belgium,BEL,2007,25.385981179764933
Belgium,BEL,2008,23.10678866724123
Belgium,BEL,2009,22.51995631000624
Belgium,BEL,2010,22.96541537780839
Belgium,BEL,2011,24.91143806199263
Belgium,BEL,2012,22.57855683341294
Belgium,BEL,2013,22.71275059752042
Belgium,BEL,2014,22.776082604735638
Belgium,BEL,2015,21.9659769653031
Belgium,BEL,2016,22.20225065086042
Belgium,BEL,2017,20.72497997132152
Belgium,BEL,2018,19.24140130329339
Belgium,BEL,2019,17.555715570571888
Belize,BLZ,1993,95.5477943967808
Belize,BLZ,1994,95.93818030477654
Belize,BLZ,1995,90.1513756399396
Belize,BLZ,1996,96.52742569528638
Belize,BLZ,1997,97.1934627669488
Belize,BLZ,1998,96.27361665697276
Belize,BLZ,1999,95.46678328846127
Benin,BEN,2003,99.86903624389298
Benin,BEN,2011,99.91556783250154
Benin,BEN,2015,99.87610681243983
Benin,BEN,2018,99.7153824522604
Bhutan,BTN,2003,99.26636031996891
Bhutan,BTN,2007,99.47354777369756
Bhutan,BTN,2012,98.1412673357694
Bhutan,BTN,2017,98.80505089605548
Bolivia,BOL,1997,94.99079538245681
Bolivia,BOL,1999,95.73416454024031
Bolivia,BOL,2000,96.00191160977091
Bolivia,BOL,2001,96.29275398821659
Bolivia,BOL,2002,95.97335871663444
Bolivia,BOL,2004,95.06991018060744
Bolivia,BOL,2005,93.99991159807615
Bolivia,BOL,2006,93.56280509192871
Bolivia,BOL,2007,94.44724531115132
Bolivia,BOL,2008,94.25414799854228
Bolivia,BOL,2009,94.22749476649857
Bolivia,BOL,2011,92.70800152489852
Bolivia,BOL,2012,92.18491748446628
Bolivia,BOL,2013,90.51454592781457
Bolivia,BOL,2014,90.98835757508623
Bolivia,BOL,2015,91.8514219481834
Bolivia,BOL,2016,92.39444775810371
Bolivia,BOL,2017,91.8744514253228
Bolivia,BOL,2018,92.86493732622793
Bolivia,BOL,2019,92.54805678794496
Bolivia,BOL,2020,91.97429207712756
Bolivia - urban,,1990,97.89313387769968
Bolivia - urban,,1992,97.58937941723627
Bosnia and Herzegovina,BIH,2001,97.56264381365588
Bosnia and Herzegovina,BIH,2004,86.48845198298012
Bosnia and Herzegovina,BIH,2007,82.6862303499157
Bosnia and Herzegovina,BIH,2011,84.76714987744872
Botswana,BWA,1985,98.99336170770768
Botswana,BWA,1993,98.78039034616712
Botswana,BWA,2002,94.30385497271752
Botswana,BWA,2009,94.40316844027106
Botswana,BWA,2015,96.72322714638511
Brazil,BRA,1981,95.43703466557972
Brazil,BRA,1982,95.25327227764252
Brazil,BRA,1983,96.4430499250059
Brazil,BRA,1984,96.47026593477707
Brazil,BRA,1985,96.3198169291666
Brazil,BRA,1986,90.60856501585256
Brazil,BRA,1987,93.39577392816216
Brazil,BRA,1988,93.31749688189981
Brazil,BRA,1989,91.78148270919473
Brazil,BRA,1990,94.19760903290863
Brazil,BRA,1992,97.00280158265404
Brazil,BRA,1993,94.5372732288195
Brazil,BRA,1995,91.17193542015735
Brazil,BRA,1996,91.22628330897452
Brazil,BRA,1997,91.35107084162382
Brazil,BRA,1998,91.17733935965742
Brazil,BRA,1999,91.86881807604475
Brazil,BRA,2001,90.4340359157038
Brazil,BRA,2002,90.34548401124526
Brazil,BRA,2003,90.94192765639107
Brazil,BRA,2004,91.01682576170333
Brazil,BRA,2005,90.59823495497137
Brazil,BRA,2006,89.694612159618
Brazil,BRA,2007,89.29386039497145
Brazil,BRA,2008,88.50018410021579
Brazil,BRA,2009,88.03188550463523
Brazil,BRA,2011,87.014319156965
Brazil,BRA,2012,85.49085686349142
Brazil,BRA,2013,84.55231254299774
Brazil,BRA,2014,83.82405056332286
Brazil,BRA,2015,84.54147395321108
Brazil,BRA,2016,84.51584638719099
Brazil,BRA,2017,84.61786442565649
Brazil,BRA,2018,83.79931775273832
Brazil,BRA,2019,83.57864727396984
Brazil,BRA,2020,84.7120612686937
Bulgaria,BGR,1989,82.43444443607446
Bulgaria,BGR,1992,87.82320957952282
Bulgaria,BGR,1994,97.47250433518133
Bulgaria,BGR,1995,96.6528640441684
Bulgaria,BGR,1997,99.70028077837112
Bulgaria,BGR,2001,98.33757876390936
Bulgaria,BGR,2003,99.03281096923328
Bulgaria,BGR,2006,98.0746874199693
Bulgaria,BGR,2007,97.95283328570618
Bulgaria,BGR,2008,91.77867383356167
Bulgaria,BGR,2009,91.3307457093808
Bulgaria,BGR,2010,92.25661467079762
Bulgaria,BGR,2011,94.03493933311594
Bulgaria,BGR,2012,93.05867699450911
Bulgaria,BGR,2013,89.77344299119905
Bulgaria,BGR,2014,88.37258640112877
Bulgaria,BGR,2015,88.78212013561723
Bulgaria,BGR,2016,84.6052665191896
Bulgaria,BGR,2017,85.29698756780282
Bulgaria,BGR,2018,79.04444819316564
Bulgaria,BGR,2019,76.67408233574533
Burkina Faso,BFA,1994,99.93677768539914
Burkina Faso,BFA,1998,99.8619832071002
Burkina Faso,BFA,2003,99.91846909786788
Burkina Faso,BFA,2009,99.89654462119694
Burkina Faso,BFA,2014,99.92305583126856
Burkina Faso,BFA,2018,99.51128853621708
Burundi,BDI,1992,99.99900000000001
Burundi,BDI,1998,99.98689865838276
Burundi,BDI,2006,100
Burundi,BDI,2013,99.98108570490072
Cameroon,CMR,1996,99.76837662985145
Cameroon,CMR,2001,99.49022089818568
Cameroon,CMR,2007,99.70695022124852
Cameroon,CMR,2014,99.26948313955192
Canada,CAN,1971,62.996478781273666
Canada,CAN,1975,46.99668185265369
Canada,CAN,1981,38.4941008069476
Canada,CAN,1987,34.49343415378416
Canada,CAN,1991,33.23987514090856
Canada,CAN,1994,32.74958108700149
Canada,CAN,1997,32.74388594456955
Canada,CAN,1998,32.24814902440397
Canada,CAN,2000,31.991867337035977
Canada,CAN,2004,28.24887714417143
Canada,CAN,2007,23.49633384572653
Canada,CAN,2010,21.99467831048178
Canada,CAN,2012,22.23499151368861
Canada,CAN,2013,21.24624219731971
Canada,CAN,2014,19.99597830171925
Canada,CAN,2015,20.7488659204501
Canada,CAN,2016,19.74910698881323
Canada,CAN,2017,19.24040383094523
Cape Verde,CPV,2001,97.18772772564358
Cape Verde,CPV,2007,97.00692563701072
Cape Verde,CPV,2015,96.99396992631884
Central African Republic,CAF,1992,99.99900000000001
Central African Republic,CAF,2008,99.57366732683252
Chad,TCD,2003,99.96894925016692
Chad,TCD,2011,99.89295474334764
Chad,TCD,2018,99.9208333882594
Chile,CHL,1987,93.80807678407047
Chile,CHL,1990,92.15410199957567
Chile,CHL,1992,92.55722394921831
Chile,CHL,1994,90.56867058343212
Chile,CHL,1996,89.23918085447423
Chile,CHL,1998,88.02520361668688
Chile,CHL,2000,90.8272801294263
Chile,CHL,2003,91.2120527146936
Chile,CHL,2006,89.58577199346813
Chile,CHL,2009,88.65315473326176
Chile,CHL,2011,87.07776249277735
Chile,CHL,2013,82.65867693745032
Chile,CHL,2015,81.4187284025213
Chile,CHL,2017,78.1895868056408
Chile,CHL,2020,76.45503902095246
China,CHN,1981,99.99900000000001
China,CHN,1984,99.99900000000001
China,CHN,1987,99.99900000000001
China,CHN,1990,99.97875470503804
China,CHN,1993,99.98829292596668
China,CHN,1996,99.99900000000001
China,CHN,1999,99.9869361607478
China,CHN,2002,99.76087515980828
China,CHN,2005,99.58054081694914
China,CHN,2008,98.95684990870632
China,CHN,2010,98.36948163068884
China,CHN,2011,98.1568962070628
China,CHN,2012,97.71456287299
China,CHN,2013,97.10270294358723
China,CHN,2014,96.58321106753675
China,CHN,2015,96.03475581402357
China,CHN,2016,95.27956820119759
China,CHN,2017,94.44205951816886
China,CHN,2018,93.57854292915307
China,CHN,2019,92.78427255304236
China - rural,,1981,99.99900000000001
China - rural,,1984,99.99900000000001
China - rural,,1987,99.99900000000001
China - rural,,1990,99.97147709974544
China - rural,,1993,99.98389770507812
China - rural,,1996,99.99900000000001
China - rural,,1999,99.98047871458368
China - rural,,2002,99.87303242711847
China - rural,,2005,99.8961047039155
China - rural,,2008,99.64363185035684
China - rural,,2010,99.45662050916503
China - rural,,2011,99.4594927230364
China - rural,,2012,99.27090978290633
China - rural,,2013,99.3708515052743
China - rural,,2014,99.20074410262409
China - rural,,2015,99.0314484408904
China - rural,,2016,98.83268459485464
China - rural,,2017,98.40299123915072
China - rural,,2018,98.13527358135032
China - rural,,2019,97.85992903781772
China - urban,,1981,99.99900000000001
China - urban,,1984,99.99900000000001
China - urban,,1987,99.99900000000001
China - urban,,1990,99.99900000000001
China - urban,,1993,99.99900000000001
China - urban,,1996,99.99900000000001
China - urban,,1999,99.99900000000001
China - urban,,2002,99.58114624023436
China - urban,,2005,99.15398559570312
China - urban,,2008,98.16791913166531
China - urban,,2010,97.24815571622736
China - urban,,2011,96.88065540901368
China - urban,,2012,96.26434760999753
China - urban,,2013,95.0923753535478
China - urban,,2014,94.37659873228198
China - urban,,2015,93.63200226635556
China - urban,,2016,92.57014159664878
China - urban,,2017,91.56908557838148
China - urban,,2018,90.4318474025304
China - urban,,2019,89.44370485133506
Colombia,COL,1992,94.81540370941424
Colombia,COL,1996,95.60589359845584
Colombia,COL,1999,95.75224737093758
Colombia,COL,2000,94.9137190132056
Colombia,COL,2001,96.23874886909044
Colombia,COL,2002,94.8178822454298
Colombia,COL,2003,95.06889628763156
Colombia,COL,2004,94.78658769485816
Colombia,COL,2005,94.39101238465965
Colombia,COL,2008,92.97464158330897
Colombia,COL,2009,93.14144729428759
Colombia,COL,2010,92.16106666461901
Colombia,COL,2011,91.73432806298985
Colombia,COL,2012,91.65215461521507
Colombia,COL,2013,90.94619695087425
Colombia,COL,2014,90.32762118697431
Colombia,COL,2015,90.79365507709905
Colombia,COL,2016,91.23880553076896
Colombia,COL,2017,91.33874558216394
Colombia,COL,2018,91.01642505948712
Colombia,COL,2019,90.8363036200688
Colombia,COL,2020,92.7418049186572
Colombia - urban,,1980,95.9862765870696
Colombia - urban,,1988,95.56167417863804
Colombia - urban,,1989,95.79901959474714
Colombia - urban,,1991,95.51118015692815
Comoros,COM,2004,96.35255330419213
Comoros,COM,2014,98.85608818317306
Congo,COG,2005,99.7960419816032
Congo,COG,2011,99.47405916402107
Costa Rica,CRI,1981,99.29224396481952
Costa Rica,CRI,1986,99.99900000000001
Costa Rica,CRI,1989,97.0010881649261
Costa Rica,CRI,1990,96.55539493612122
Costa Rica,CRI,1991,97.38812605586392
Costa Rica,CRI,1992,96.97920797358137
Costa Rica,CRI,1993,95.23352736416024
Costa Rica,CRI,1994,93.77021799325692
Costa Rica,CRI,1995,94.61305714875554
Costa Rica,CRI,1996,94.63876741436951
Costa Rica,CRI,1997,94.4898580981072
Costa Rica,CRI,1998,92.42258427105078
Costa Rica,CRI,1999,92.56969908023845
Costa Rica,CRI,2000,92.69571777313398
Costa Rica,CRI,2001,87.41103036184211
Costa Rica,CRI,2002,87.24890008299735
Costa Rica,CRI,2003,86.86420964196341
Costa Rica,CRI,2004,88.69391818067966
Costa Rica,CRI,2005,87.6352335385761
Costa Rica,CRI,2006,87.21634850365162
Costa Rica,CRI,2007,85.19520172484117
Costa Rica,CRI,2008,84.66433889576676
Costa Rica,CRI,2009,82.67151869581856
Costa Rica,CRI,2010,81.49724433625528
Costa Rica,CRI,2011,80.09060049853203
Costa Rica,CRI,2012,78.9417516540517
Costa Rica,CRI,2013,77.40861335758812
Costa Rica,CRI,2014,79.25319387317433
Costa Rica,CRI,2015,79.10484196798126
Costa Rica,CRI,2016,78.23466391092296
Costa Rica,CRI,2017,77.85828463906792
Costa Rica,CRI,2018,77.90963120202728
Costa Rica,CRI,2019,78.05647860599151
Costa Rica,CRI,2020,81.30735369310669
Cote d'Ivoire,CIV,1985,97.4269916059292
Cote d'Ivoire,CIV,1986,98.83905123807403
Cote d'Ivoire,CIV,1987,98.471924342742
Cote d'Ivoire,CIV,1988,99.43432755817692
Cote d'Ivoire,CIV,1992,99.85575346304942
Cote d'Ivoire,CIV,1995,99.42042703795536
Cote d'Ivoire,CIV,1998,99.8043893156666
Cote d'Ivoire,CIV,2002,99.6878657374352
Cote d'Ivoire,CIV,2008,99.77682335410508
Cote d'Ivoire,CIV,2015,99.78948107739714
Cote d'Ivoire,CIV,2018,99.60981715436517
Croatia,HRV,1998,52.3041637791202
Croatia,HRV,1999,93.21645263671874
Croatia,HRV,2000,87.49754100298593
Croatia,HRV,2001,88.95976969071961
Croatia,HRV,2004,66.92104859643649
Croatia,HRV,2008,71.65540431114587
Croatia,HRV,2009,71.87839215890887
Croatia,HRV,2010,80.08639868912758
Croatia,HRV,2011,86.5852672564418
Croatia,HRV,2012,88.1484664930705
Croatia,HRV,2013,89.61207163190993
Croatia,HRV,2014,88.21299366319258
Croatia,HRV,2015,86.28676664643824
Croatia,HRV,2016,83.19839773830523
Croatia,HRV,2017,80.45870229616648
Croatia,HRV,2018,76.56269432422219
Croatia,HRV,2019,72.737773254743
Cyprus,CYP,2004,39.09323167904863
Cyprus,CYP,2005,35.7771417309879
Cyprus,CYP,2006,29.044250753264077
Cyprus,CYP,2007,30.444367561555367
Cyprus,CYP,2008,31.02845387923533
Cyprus,CYP,2009,32.38051754898766
Cyprus,CYP,2010,28.870173895968286
Cyprus,CYP,2011,31.326276900512738
Cyprus,CYP,2012,38.53252518152007
Cyprus,CYP,2013,45.17990287284791
Cyprus,CYP,2014,46.47345394677926
Cyprus,CYP,2015,43.89662786791051
Cyprus,CYP,2016,40.524574813050165
Cyprus,CYP,2017,36.19256673606315
Cyprus,CYP,2018,33.185375067155
Cyprus,CYP,2019,30.76000981123966
Czechia,CZE,1992,96.74665089586136
Czechia,CZE,1993,92.6705992439868
Czechia,CZE,1996,89.49651223425808
Czechia,CZE,2002,84.74699792072654
Czechia,CZE,2004,81.38762604437242
Czechia,CZE,2005,80.20776958135352
Czechia,CZE,2006,76.5444491802189
Czechia,CZE,2007,73.40259846238334
Czechia,CZE,2008,72.12782805934111
Czechia,CZE,2009,69.86104823183443
Czechia,CZE,2010,69.84031042420276
Czechia,CZE,2011,69.71152982903274
Czechia,CZE,2012,71.29011851114643
Czechia,CZE,2013,71.25884849191473
Czechia,CZE,2014,68.68392907859025
Czechia,CZE,2015,65.19322522628426
Czechia,CZE,2016,62.02184429481519
Czechia,CZE,2017,59.090884774696114
Czechia,CZE,2018,54.55342994501887
Czechia,CZE,2019,49.85626440219194
Democratic Republic of Congo,COD,2004,100
Democratic Republic of Congo,COD,2012,99.9812401159574
Denmark,DNK,1987,26.74577999510434
Denmark,DNK,1992,25.24211422743235
Denmark,DNK,1995,21.74795100373983
Denmark,DNK,2000,18.24936638152968
Denmark,DNK,2003,22.406083777320042
Denmark,DNK,2004,19.49146935596678
Denmark,DNK,2005,19.32654134727185
Denmark,DNK,2006,18.131009209620892
Denmark,DNK,2007,16.37646928100239
Denmark,DNK,2008,16.78092700025113
Denmark,DNK,2009,17.107495241911312
Denmark,DNK,2010,16.20886329940647
Denmark,DNK,2011,16.536755460521242
Denmark,DNK,2012,16.699096133623968
Denmark,DNK,2013,15.97228797521774
Denmark,DNK,2014,14.77557128791236
Denmark,DNK,2015,13.9337047322742
Denmark,DNK,2016,14.35131994937191
Denmark,DNK,2017,14.11671728616904
Denmark,DNK,2018,12.882702005618341
Denmark,DNK,2019,11.90072293050471
Djibouti,DJI,2002,99.57495027288225
Djibouti,DJI,2012,99.01747284879258
Djibouti,DJI,2013,99.06088479196454
Djibouti,DJI,2017,99.2085609983991
Dominican Republic,DOM,1986,92.47781431547558
Dominican Republic,DOM,1989,97.28353303268482
Dominican Republic,DOM,1992,96.38146076600216
Dominican Republic,DOM,1996,93.44203674251004
Dominican Republic,DOM,1997,92.70897619717432
Dominican Republic,DOM,2000,91.35488875207028
Dominican Republic,DOM,2001,91.68847842661226
Dominican Republic,DOM,2002,92.1590181722281
Dominican Republic,DOM,2003,93.74747234800006
Dominican Republic,DOM,2004,94.92771812601801
Dominican Republic,DOM,2005,93.75704442772842
Dominican Republic,DOM,2006,92.30068215931443
Dominican Republic,DOM,2007,93.16600663947428
Dominican Republic,DOM,2008,94.10811437628476
Dominican Republic,DOM,2009,92.57721863008106
Dominican Republic,DOM,2010,92.78849502420825
Dominican Republic,DOM,2011,92.9685680491164
Dominican Republic,DOM,2012,93.55865620189941
Dominican Republic,DOM,2013,92.53717085543943
Dominican Republic,DOM,2014,91.90181367833831
Dominican Republic,DOM,2015,90.42832169142801
Dominican Republic,DOM,2016,89.34347693253837
Dominican Republic,DOM,2017,91.61280139572395
Dominican Republic,DOM,2018,90.77111346415948
Dominican Republic,DOM,2019,89.74587196508872
Dominican Republic,DOM,2020,92.05933332463549
East Asia and Pacific,,1990,99.82251630658612
East Asia and Pacific,,1991,99.79573358181364
East Asia and Pacific,,1992,99.76237008471064
East Asia and Pacific,,1993,99.76950722266812
East Asia and Pacific,,1994,99.77165935696128
East Asia and Pacific,,1995,99.75306140834131
East Asia and Pacific,,1996,99.70806309729102
East Asia and Pacific,,1997,99.6842110354238
East Asia and Pacific,,1998,99.72767433805735
East Asia and Pacific,,1999,99.7221806608296
East Asia and Pacific,,2000,99.6867971439783
East Asia and Pacific,,2001,99.62333227385396
East Asia and Pacific,,2002,99.533493592731
East Asia and Pacific,,2003,99.48424801815838
East Asia and Pacific,,2004,99.40697324146171
East Asia and Pacific,,2005,99.28815985007556
East Asia and Pacific,,2006,99.15245394895516
East Asia and Pacific,,2007,98.97014928703648
East Asia and Pacific,,2008,98.76851539249144
East Asia and Pacific,,2009,98.5673631482248
East Asia and Pacific,,2010,98.216073205458
East Asia and Pacific,,2011,98.00388793285688
East Asia and Pacific,,2012,97.59733988388696
East Asia and Pacific,,2013,97.12549112681764
East Asia and Pacific,,2014,96.72800967545065
East Asia and Pacific,,2015,96.25054736059468
East Asia and Pacific,,2016,95.686762325209
East Asia and Pacific,,2017,95.06602642005726
East Asia and Pacific,,2018,94.38750541377564
East Asia and Pacific,,2019,93.80622629603485
Ecuador,ECU,1994,97.0103248953406
Ecuador,ECU,1999,96.92240077805968
Ecuador,ECU,2000,97.88441715506852
Ecuador,ECU,2003,95.88374545899065
Ecuador,ECU,2004,96.27145060982365
Ecuador,ECU,2005,94.58588136942704
Ecuador,ECU,2006,94.23515659069234
Ecuador,ECU,2007,93.50272141445217
Ecuador,ECU,2008,93.71039551312406
Ecuador,ECU,2009,94.49699370737534
Ecuador,ECU,2010,93.25814265613008
Ecuador,ECU,2011,92.96849581343872
Ecuador,ECU,2012,91.96119150838685
Ecuador,ECU,2013,91.69740124573396
Ecuador,ECU,2014,91.6858493698496
Ecuador,ECU,2015,91.5093114096216
Ecuador,ECU,2016,91.95736994236984
Ecuador,ECU,2017,91.44423043974028
Ecuador,ECU,2018,90.9881666050587
Ecuador,ECU,2019,91.76370971534809
Ecuador,ECU,2020,93.58158901281269
Ecuador - urban,,1987,97.70453461232917
Ecuador - urban,,1995,97.38254185255134
Ecuador - urban,,1998,97.51463158214244
Egypt,EGY,1990,99.73227807244936
Egypt,EGY,1995,99.73671469184949
Egypt,EGY,1999,99.57882250872655
Egypt,EGY,2004,99.66151627912848
Egypt,EGY,2008,99.64975943571294
Egypt,EGY,2010,99.6303757881688
Egypt,EGY,2012,99.7481862241786
Egypt,EGY,2015,99.37585963435656
Egypt,EGY,2017,99.64027046577864
El Salvador,SLV,1989,98.26305053710938
El Salvador,SLV,1991,97.45870537327696
El Salvador,SLV,1995,96.85133091685384
El Salvador,SLV,1996,96.92050583326235
El Salvador,SLV,1998,96.18997894005224
El Salvador,SLV,1999,96.07056110671401
El Salvador,SLV,2000,95.2579233048368
El Salvador,SLV,2001,95.45584808743443
El Salvador,SLV,2002,96.16332753975212
El Salvador,SLV,2003,96.36416475541172
El Salvador,SLV,2004,96.45133616627848
El Salvador,SLV,2005,96.3783999173886
El Salvador,SLV,2006,96.55785023603944
El Salvador,SLV,2007,96.20833488796374
El Salvador,SLV,2008,96.1528153268614
El Salvador,SLV,2009,96.49200872486195
El Salvador,SLV,2010,96.83533664629508
El Salvador,SLV,2011,97.25896958654829
El Salvador,SLV,2012,97.13164642822488
El Salvador,SLV,2013,96.60471592076404
El Salvador,SLV,2014,96.58945920691689
El Salvador,SLV,2015,96.6853717134138
El Salvador,SLV,2016,96.92124595809463
El Salvador,SLV,2017,97.21526568109756
El Salvador,SLV,2018,96.36325052341388
El Salvador,SLV,2019,95.2334078204288
Estonia,EST,1993,95.69170349730862
Estonia,EST,1995,99.6370292552744
Estonia,EST,1998,94.83216878411245
Estonia,EST,2000,96.48239770910256
Estonia,EST,2001,96.75654446987754
Estonia,EST,2002,96.53531048258812
Estonia,EST,2003,96.55905053058572
Estonia,EST,2004,95.31113780465633
Estonia,EST,2005,87.8255568993437
Estonia,EST,2006,82.94763201345042
Estonia,EST,2007,74.28997851729723
Estonia,EST,2008,73.81467929687271
Estonia,EST,2009,77.02476119952976
Estonia,EST,2010,79.32083738781597
Estonia,EST,2011,77.79955143389684
Estonia,EST,2012,75.14247605649464
Estonia,EST,2013,70.77370199096048
Estonia,EST,2014,66.39952075632435
Estonia,EST,2015,61.06670815781815
Estonia,EST,2016,55.84564896126262
Estonia,EST,2017,51.91509117902261
Estonia,EST,2018,47.87407180881806
Estonia,EST,2019,44.95302418261906
Eswatini,SWZ,1994,99.99900000000001
Eswatini,SWZ,2000,99.2381398485922
Eswatini,SWZ,2009,99.39953481773397
Eswatini,SWZ,2016,97.91745195593528
Ethiopia,ETH,1995,99.71959311140905
Ethiopia,ETH,1999,99.95922200613644
Ethiopia,ETH,2004,99.94078415887364
Ethiopia,ETH,2010,99.93022894130408
Ethiopia,ETH,2015,99.90887876159948
Ethiopia - rural,,1981,99.98643420985445
Europe and Central Asia,,1990,93.6156917171738
Europe and Central Asia,,1991,94.90826325476024
Europe and Central Asia,,1992,96.10039766030772
Europe and Central Asia,,1993,97.13992674775716
Europe and Central Asia,,1994,97.09423245984296
Europe and Central Asia,,1995,96.65953474293408
Europe and Central Asia,,1996,96.90457133614105
Europe and Central Asia,,1997,97.32119112066708
Europe and Central Asia,,1998,97.04834819180316
Europe and Central Asia,,1999,98.03069834590083
Europe and Central Asia,,2000,97.76325190442172
Europe and Central Asia,,2001,97.54552173826676
Europe and Central Asia,,2002,97.07744813095084
Europe and Central Asia,,2003,95.88092863449135
Europe and Central Asia,,2004,95.10805261964987
Europe and Central Asia,,2005,94.33666761251087
Europe and Central Asia,,2006,93.43982254454656
Europe and Central Asia,,2007,92.02345254952272
Europe and Central Asia,,2008,90.67393948241323
Europe and Central Asia,,2009,91.15673217113492
Europe and Central Asia,,2010,90.23997058149081
Europe and Central Asia,,2011,89.73377511282055
Europe and Central Asia,,2012,89.20101890713546
Europe and Central Asia,,2013,88.60310297022241
Europe and Central Asia,,2014,88.47611547585801
Europe and Central Asia,,2015,88.97421609968661
Europe and Central Asia,,2016,88.55881830021947
Europe and Central Asia,,2017,87.84797925067527
Europe and Central Asia,,2018,87.62273783469901
Europe and Central Asia,,2019,85.9574668871799
Fiji,FJI,2002,98.29387291457891
Fiji,FJI,2008,97.56087141993277
Fiji,FJI,2013,97.86910033807101
Fiji,FJI,2019,99.6999222447744
Finland,FIN,1987,51.99566061671804
Finland,FIN,1991,40.9956077515389
Finland,FIN,1995,50.485876575083935
Finland,FIN,2000,38.24086566222396
Finland,FIN,2003,33.56120780556254
Finland,FIN,2004,30.2361752538364
Finland,FIN,2005,27.32624203421448
Finland,FIN,2006,27.101135915683226
Finland,FIN,2007,24.380628076129398
Finland,FIN,2008,22.6944250242658
Finland,FIN,2009,20.9476796901884
Finland,FIN,2010,20.4569839210743
Finland,FIN,2011,19.5225970724204
Finland,FIN,2012,19.05982058950668
Finland,FIN,2013,19.83414425928055
Finland,FIN,2014,19.51756166874673
Finland,FIN,2015,19.07675309556707
Finland,FIN,2016,18.57011380106829
Finland,FIN,2017,17.78799193749174
Finland,FIN,2018,16.94964551920307
Finland,FIN,2019,16.4200489598471
France,FRA,1978,55.496629277446
France,FRA,1984,55.74899922799139
France,FRA,1989,51.49631398010833
France,FRA,1994,41.99829629965056
France,FRA,2000,40.498776564612335
France,FRA,2003,36.19678811633536
France,FRA,2004,34.24820540008453
France,FRA,2005,33.74822330242783
France,FRA,2006,34.45785180515398
France,FRA,2007,24.08564884108025
France,FRA,2008,24.52693446413004
France,FRA,2009,23.608269370306783
France,FRA,2010,24.576180006299992
France,FRA,2011,23.45954749417359
France,FRA,2012,23.73168676819421
France,FRA,2013,23.91281357129959
France,FRA,2014,23.18664324863168
France,FRA,2015,22.53862173433028
France,FRA,2016,21.19147955410983
France,FRA,2017,21.859449183354247
France,FRA,2018,20.732455822777272
Gabon,GAB,2005,98.47228845219593
Gabon,GAB,2017,97.7284753614863
Gambia,GMB,1998,99.95041946683376
Gambia,GMB,2003,99.68558379279952
Gambia,GMB,2010,99.4422669270198
Gambia,GMB,2015,99.58327850846608
Georgia,GEO,1996,98.54559546819198
Georgia,GEO,1997,99.50698278546412
Georgia,GEO,1998,99.563001711968
Georgia,GEO,1999,99.61713447807868
Georgia,GEO,2000,99.65149765866236
Georgia,GEO,2001,99.67403993929103
Georgia,GEO,2002,99.56131999986856
Georgia,GEO,2003,99.68937376790636
Georgia,GEO,2004,99.71568740074852
Georgia,GEO,2005,99.55143339549544
Georgia,GEO,2006,99.64765748103248
Georgia,GEO,2007,99.5225307293679
Georgia,GEO,2008,99.35743287552829
Georgia,GEO,2009,99.4575563695976
Georgia,GEO,2010,99.32547425712708
Georgia,GEO,2011,99.35457106620672
Georgia,GEO,2012,99.20363040046793
Georgia,GEO,2013,98.90527988203395
Georgia,GEO,2014,99.03840920884014
Georgia,GEO,2015,98.87185870737012
Georgia,GEO,2016,98.83363159135897
Georgia,GEO,2017,98.45342674322693
Georgia,GEO,2018,98.87129817790517
Georgia,GEO,2019,99.007701067689
Georgia,GEO,2020,99.34645593654716
Germany,DEU,1991,31.240042250873767
Germany,DEU,1992,28.48185425089432
Germany,DEU,1993,27.98754082042881
Germany,DEU,1994,29.49107414354432
Germany,DEU,1995,27.98417360878056
Germany,DEU,1996,26.97070167758584
Germany,DEU,1997,27.992467048883867
Germany,DEU,1998,25.74578244010679
Germany,DEU,1999,24.498056358016452
Germany,DEU,2000,23.494008301898088
Germany,DEU,2001,24.49135437012372
Germany,DEU,2002,23.48658402131993
Germany,DEU,2003,23.248439150989462
Germany,DEU,2004,23.23606902928776
Germany,DEU,2005,25.74277037274389
Germany,DEU,2006,23.99987873850564
Germany,DEU,2007,23.24413852408606
Germany,DEU,2008,22.99875257252177
Germany,DEU,2009,22.74860265672174
Germany,DEU,2010,22.495038495033253
Germany,DEU,2011,22.24768930481082
Germany,DEU,2012,22.97954712068157
Germany,DEU,2013,22.749566269858022
Germany,DEU,2014,22.23376145982267
Germany,DEU,2015,21.237216128083798
Germany,DEU,2016,20.744422638441957
Germany,DEU,2017,18.99723544284339
Germany,DEU,2018,17.99734462563429
Ghana,GHA,1987,99.99900000000001
Ghana,GHA,1988,99.99900000000001
Ghana,GHA,1991,99.95552296246343
Ghana,GHA,1998,99.93943352199236
Ghana,GHA,2005,99.48373907866736
Ghana,GHA,2012,99.01966287894636
Ghana,GHA,2016,98.76513271541783
Greece,GRC,1995,74.7498944973794
Greece,GRC,2000,67.74348092383404
Greece,GRC,2003,57.98778639359373
Greece,GRC,2004,55.61366711540619
Greece,GRC,2005,55.29681879159424
Greece,GRC,2006,54.79071930473929
Greece,GRC,2007,51.52679226443555
Greece,GRC,2008,50.870571532985366
Greece,GRC,2009,49.32188416259601
Greece,GRC,2010,59.01067414274155
Greece,GRC,2011,70.71405404297568
Greece,GRC,2012,79.13010632292054
Greece,GRC,2013,81.04629034386473
Greece,GRC,2014,80.88579007715481
Greece,GRC,2015,80.34186015354909
Greece,GRC,2016,79.85938510241888
Greece,GRC,2017,79.8125594118374
Greece,GRC,2018,77.46557809387434
Greece,GRC,2019,74.24840755326794
Guatemala,GTM,1986,99.3937630401332
Guatemala,GTM,1989,98.19372983570128
Guatemala,GTM,1998,96.52268798422544
Guatemala,GTM,2000,94.20501607171948
Guatemala,GTM,2006,94.10082374091812
Guatemala,GTM,2014,97.17895263733696
Guinea,GIN,1991,99.99900000000001
Guinea,GIN,1994,99.8023135719683
Guinea,GIN,2002,99.93539729670205
Guinea,GIN,2007,99.98220111561712
Guinea,GIN,2012,99.92640296677264
Guinea,GIN,2018,100
Guinea-Bissau,GNB,1993,99.63974821919057
Guinea-Bissau,GNB,2002,99.98306592597966
Guinea-Bissau,GNB,2010,100
Guinea-Bissau,GNB,2018,99.86954519115048
Guyana,GUY,1992,99.99900000000001
Guyana,GUY,1998,97.93424183430672
Haiti,HTI,2001,99.42922387799048
Haiti,HTI,2012,99.59488781587662
High income countries,,1990,46.317831289227165
High income countries,,1991,45.61428449014104
High income countries,,1992,45.0537951562696
High income countries,,1993,45.28840677496639
High income countries,,1994,43.95458053324205
High income countries,,1995,42.74537026045971
High income countries,,1996,41.72247290717831
High income countries,,1997,40.69900121267841
High income countries,,1998,39.63999656581896
High income countries,,1999,38.339856436591404
High income countries,,2000,36.75835167340884
High income countries,,2001,35.61971918313938
High income countries,,2002,35.03890171954524
High income countries,,2003,34.50703092264389
High income countries,,2004,33.72713589811179
High income countries,,2005,33.17991453035495
High income countries,,2006,32.198922998709875
High income countries,,2007,30.20034242369327
High income countries,,2008,30.94666337313282
High income countries,,2009,30.024387536513668
High income countries,,2010,29.58384695731881
High income countries,,2011,29.997385971181778
High income countries,,2012,30.386714539156568
High income countries,,2013,30.31555407221379
High income countries,,2014,29.79074015881295
High income countries,,2015,28.78129763651358
High income countries,,2016,27.43734070136497
High income countries,,2017,26.826277771042438
High income countries,,2018,25.62092347858619
High income countries,,2019,24.414379428444942
Honduras,HND,1989,98.953605425032
Honduras,HND,1990,99.09826680823947
Honduras,HND,1991,99.04414984280724
Honduras,HND,1992,98.6419933507071
Honduras,HND,1993,98.0819596164222
Honduras,HND,1994,97.82508229016942
Honduras,HND,1995,98.0477763172352
Honduras,HND,1996,98.36598925133184
Honduras,HND,1997,97.84860702028736
Honduras,HND,1998,97.08909227849756
Honduras,HND,1999,97.7242847213432
Honduras,HND,2001,96.11965699814972
Honduras,HND,2002,96.92486734258964
Honduras,HND,2003,96.98947577913444
Honduras,HND,2004,96.83721351606566
Honduras,HND,2005,95.84996740740227
Honduras,HND,2006,95.81648175979612
Honduras,HND,2007,95.25462724133197
Honduras,HND,2008,95.35762135792316
Honduras,HND,2009,95.7296559231001
Honduras,HND,2010,95.5332026667386
Honduras,HND,2011,95.7531323551436
Honduras,HND,2012,96.65998137388644
Honduras,HND,2013,97.06995584917408
Honduras,HND,2014,96.5681035506472
Honduras,HND,2015,96.77723227657545
Honduras,HND,2016,96.50834585821406
Honduras,HND,2017,96.75541824420576
Honduras,HND,2018,97.13689857100609
Honduras,HND,2019,97.15783598021882
Honduras - urban,,1986,99.40425289650794
Hungary,HUN,1987,89.10960815429686
Hungary,HUN,1989,98.94687092368194
Hungary,HUN,1991,88.9705882890291
Hungary,HUN,1993,94.93014844163964
Hungary,HUN,1994,90.19161471575798
Hungary,HUN,1998,97.77614214192883
Hungary,HUN,1999,97.72838468558716
Hungary,HUN,2000,97.60595179428104
Hungary,HUN,2001,95.80854972671304
Hungary,HUN,2002,95.55425394514384
Hungary,HUN,2003,91.96103138031027
Hungary,HUN,2004,91.14801326466517
Hungary,HUN,2005,90.33458895941108
Hungary,HUN,2006,91.1463103814026
Hungary,HUN,2007,89.88660656579466
Hungary,HUN,2008,87.55816542571662
Hungary,HUN,2009,89.4189510924245
Hungary,HUN,2010,87.11559769588456
Hungary,HUN,2011,87.41151115237435
Hungary,HUN,2012,88.5072094691204
Hungary,HUN,2013,86.65963636707623
Hungary,HUN,2014,85.34410406400447
Hungary,HUN,2015,83.04680689148945
Hungary,HUN,2016,80.40224046592387
Hungary,HUN,2017,77.12843413867427
Hungary,HUN,2018,73.15807410577865
Hungary,HUN,2019,64.05582858512543
Iceland,ISL,2003,24.02417615027739
Iceland,ISL,2004,24.07538467627888
Iceland,ISL,2005,23.602519490082997
Iceland,ISL,2006,16.20049388756272
Iceland,ISL,2007,13.45719587460848
Iceland,ISL,2008,13.452364281082648
Iceland,ISL,2009,20.33703592421449
Iceland,ISL,2010,24.13804448038387
Iceland,ISL,2011,26.11572558274255
Iceland,ISL,2012,24.36299301201215
Iceland,ISL,2013,21.40471255662943
Iceland,ISL,2014,20.6372846847443
Iceland,ISL,2015,15.79714022911068
Iceland,ISL,2016,12.24772682317378
Iceland,ISL,2017,9.902415075219741
India,IND,1977,99.97442633805727
India,IND,1983,99.99900000000001
India,IND,1987,99.9477274523797
India,IND,1993,99.94790518492188
India,IND,2004,99.87248947040804
India,IND,2009,99.8525256914328
India,IND,2011,99.73652892221449
India,IND,2015,99.8420534858968
India,IND,2016,99.81964992651808
India,IND,2017,99.72573235879449
India,IND,2018,99.84584916213352
India,IND,2019,99.57934616812454
India - rural,,1977,99.99900000000001
India - rural,,1983,99.99900000000001
India - rural,,1987,99.97070761745036
India - rural,,1993,99.95739583065551
India - rural,,2004,99.92736768891255
India - rural,,2009,99.9205789550268
India - rural,,2011,99.86055897783268
India - rural,,2015,99.91772208245004
India - rural,,2016,99.90859134189756
India - rural,,2017,99.94251164222204
India - rural,,2018,99.88818827950918
India - rural,,2019,99.84203549140696
India - urban,,1977,99.88743338823033
India - urban,,1983,99.99900000000001
India - urban,,1987,99.8781315181853
India - urban,,1993,99.92115954446622
India - urban,,2004,99.7374973689871
India - urban,,2009,99.6980881465367
India - urban,,2011,99.46399274316302
India - urban,,2015,99.68686325928235
India - urban,,2016,99.64055018898864
India - urban,,2017,99.29733520381679
India - urban,,2018,99.76377124346186
India - urban,,2019,99.07999869865391
Indonesia,IDN,1984,99.99900000000001
Indonesia,IDN,1987,99.98810142885796
Indonesia,IDN,1990,99.99900000000001
Indonesia,IDN,1993,99.97012982899744
Indonesia,IDN,1996,99.89719851682248
Indonesia,IDN,1998,99.97133456083124
Indonesia,IDN,1999,99.94252000723036
Indonesia,IDN,2000,99.97348577355159
Indonesia,IDN,2001,99.9659036413266
Indonesia,IDN,2002,99.94341392892768
Indonesia,IDN,2003,99.93857034120957
Indonesia,IDN,2004,99.87549616141827
Indonesia,IDN,2005,99.85488431346128
Indonesia,IDN,2006,99.88786178221353
Indonesia,IDN,2007,99.7859597537869
Indonesia,IDN,2008,99.79684391098864
Indonesia,IDN,2009,99.78464677153454
Indonesia,IDN,2010,99.72441439178544
Indonesia,IDN,2011,99.40973858959109
Indonesia,IDN,2012,99.33718771640748
Indonesia,IDN,2013,99.23057912350046
Indonesia,IDN,2014,99.12057452238356
Indonesia,IDN,2015,98.82073076688181
Indonesia,IDN,2016,98.86972777025304
Indonesia,IDN,2017,99.03415000393234
Indonesia,IDN,2018,98.93553439454428
Indonesia,IDN,2019,99.02627613831558
Indonesia,IDN,2020,98.93178939623364
Indonesia,IDN,2021,98.81187503454515
Indonesia - rural,,1984,99.99900000000001
Indonesia - rural,,1987,99.98389770507812
Indonesia - rural,,1990,99.99900000000001
Indonesia - rural,,1993,99.9976407215862
Indonesia - rural,,1996,99.98097117267343
Indonesia - rural,,1998,99.99425471103716
Indonesia - rural,,1999,99.99523872073792
Indonesia - rural,,2000,99.99577230610032
Indonesia - rural,,2001,99.98897357607892
Indonesia - rural,,2002,99.99056819837348
Indonesia - rural,,2003,100
Indonesia - rural,,2004,99.98681929005976
Indonesia - rural,,2005,99.95951762567611
Indonesia - rural,,2006,99.98167031972648
Indonesia - rural,,2007,99.93827536644454
Indonesia - rural,,2008,99.94650000875518
Indonesia - rural,,2009,99.91983138909964
Indonesia - rural,,2010,99.89895576795784
Indonesia - rural,,2011,99.80206152806808
Indonesia - rural,,2012,99.80917563620032
Indonesia - rural,,2013,99.82616947986985
Indonesia - rural,,2014,99.76524947831352
Indonesia - rural,,2015,99.61606285603736
Indonesia - rural,,2016,99.75867774479312
Indonesia - rural,,2017,99.75714421914824
Indonesia - rural,,2018,99.66488505671472
Indonesia - rural,,2019,99.66512827405461
Indonesia - rural,,2020,99.67721183412014
Indonesia - rural,,2021,99.68065711433513
Indonesia - urban,,1984,99.99900000000001
Indonesia - urban,,1987,99.99900000000001
Indonesia - urban,,1990,99.99900000000001
Indonesia - urban,,1993,99.91626680798288
Indonesia - urban,,1996,99.75598753829897
Indonesia - urban,,1998,99.93636531109593
Indonesia - urban,,1999,99.86600084754839
Indonesia - urban,,2000,99.94271166035148
Indonesia - urban,,2001,99.93505044149387
Indonesia - urban,,2002,99.8823367683801
Indonesia - urban,,2003,99.86150766820204
Indonesia - urban,,2004,99.7402509739962
Indonesia - urban,,2005,99.73176673845764
Indonesia - urban,,2006,99.78095882635944
Indonesia - urban,,2007,99.61784702526415
Indonesia - urban,,2008,99.63687737945807
Indonesia - urban,,2009,99.64469682328408
Indonesia - urban,,2010,99.54927156003154
Indonesia - urban,,2011,99.02664312924641
Indonesia - urban,,2012,98.8886905763018
Indonesia - urban,,2013,98.67981137023136
Indonesia - urban,,2014,98.54044667602932
Indonesia - urban,,2015,98.12424643597792
Indonesia - urban,,2016,98.11213867936232
Indonesia - urban,,2017,98.43440831848383
Indonesia - urban,,2018,98.34658290881748
Indonesia - urban,,2019,98.52401523590044
Indonesia - urban,,2020,98.361164379613
Indonesia - urban,,2021,98.16419336554097
Iran,IRN,1986,96.05177919217967
Iran,IRN,1990,97.230559435847
Iran,IRN,1994,96.23025599108243
Iran,IRN,1998,95.23427895914836
Iran,IRN,2005,88.0470287911236
Iran,IRN,2006,87.01059161201286
Iran,IRN,2009,88.23984004862201
Iran,IRN,2013,91.28191850033967
Iran,IRN,2014,91.35283006054088
Iran,IRN,2015,91.199319578109
Iran,IRN,2016,90.84888691820748
Iran,IRN,2017,89.3488842786088
Iran,IRN,2018,89.56553720284016
Iran,IRN,2019,92.13567992435881
Iraq,IRQ,2006,99.78539446240259
Iraq,IRQ,2012,99.78285909439091
Ireland,IRL,1987,84.93022067529749
Ireland,IRL,1994,69.49125431232854
Ireland,IRL,1995,67.97488151511423
Ireland,IRL,1996,64.4112605312553
Ireland,IRL,2000,46.748407963539115
Ireland,IRL,2002,38.49450998225783
Ireland,IRL,2003,37.091034205703174
Ireland,IRL,2004,35.44220590714788
Ireland,IRL,2005,32.22216583517145
Ireland,IRL,2006,26.9551117135003
Ireland,IRL,2007,26.5767855297259
Ireland,IRL,2008,30.80908975228096
Ireland,IRL,2009,32.872233894203816
Ireland,IRL,2010,34.81635831681415
Ireland,IRL,2011,37.17133944945567
Ireland,IRL,2012,37.8838068795953
Ireland,IRL,2013,37.45953264684726
Ireland,IRL,2014,32.88238627847408
Ireland,IRL,2015,30.852387011575722
Ireland,IRL,2016,27.918244740802727
Ireland,IRL,2017,21.50298316355057
Ireland,IRL,2018,19.78430631523418
Israel,ISR,1979,83.98996748058907
Israel,ISR,1986,83.49651709173503
Israel,ISR,1992,76.7270816312246
Israel,ISR,1997,74.74328510793815
Israel,ISR,2001,67.74641237592886
Israel,ISR,2002,73.24498348443565
Israel,ISR,2003,70.99966896004386
Israel,ISR,2004,68.49628379396896
Israel,ISR,2005,67.23680437022644
Israel,ISR,2006,65.71346161808061
Israel,ISR,2007,63.24359180335446
Israel,ISR,2008,62.23842144719912
Israel,ISR,2009,61.96885602474411
Israel,ISR,2010,61.23547222075763
Israel,ISR,2011,60.7464206594875
Israel,ISR,2012,57.735910903799656
Israel,ISR,2013,55.48950647829947
Israel,ISR,2014,52.99527206240106
Israel,ISR,2015,51.99154299509622
Israel,ISR,2016,50.488686457504585
Israel,ISR,2017,47.49372966692743
Israel,ISR,2018,45.7404678143897
Italy,ITA,1986,66.49027026035591
Italy,ITA,1987,61.741050436574966
Italy,ITA,1989,53.747788136309424
Italy,ITA,1991,52.493017666764054
Italy,ITA,1993,56.24889558152295
Italy,ITA,1995,57.480411216946216
Italy,ITA,1998,53.73189171005747
Italy,ITA,2000,51.99853562870286
Italy,ITA,2003,39.09132705481091
Italy,ITA,2004,36.66378268048901
Italy,ITA,2005,36.64823724881205
Italy,ITA,2006,35.48586467232368
Italy,ITA,2007,34.23330325425159
Italy,ITA,2008,36.41857135061397
Italy,ITA,2009,35.34640391821025
Italy,ITA,2010,36.54122866329933
Italy,ITA,2011,38.45205427093124
Italy,ITA,2012,40.94591008231665
Italy,ITA,2013,41.94877790725261
Italy,ITA,2014,41.58118090162407
Italy,ITA,2015,40.18812701156181
Italy,ITA,2016,39.4080275750613
Italy,ITA,2017,38.47501484537615
Italy,ITA,2018,38.04885869897484
Jamaica,JAM,1988,97.68407922728841
Jamaica,JAM,1990,98.00581636892396
Jamaica,JAM,1993,99.677412242006
Jamaica,JAM,1996,97.64033070380091
Jamaica,JAM,1999,94.67163114762032
Jamaica,JAM,2002,92.95593361769747
Jamaica,JAM,2004,93.67855308241168
Japan,JPN,2008,41.70707868277175
Japan,JPN,2010,27.74469246530157
Japan,JPN,2013,30.21710646872235
Jordan,JOR,1986,95.99140196804156
Jordan,JOR,1992,97.3870105076024
Jordan,JOR,1997,98.5561642038666
Jordan,JOR,2002,97.79364626852141
Jordan,JOR,2006,97.59887969247303
Jordan,JOR,2008,97.73523812060311
Jordan,JOR,2010,96.47959290737184
Kazakhstan,KAZ,1993,99.99900000000001
Kazakhstan,KAZ,1996,99.71010839425259
Kazakhstan,KAZ,2001,99.7033166974853
Kazakhstan,KAZ,2002,99.62368927123548
Kazakhstan,KAZ,2003,99.63402822318955
Kazakhstan,KAZ,2004,99.59912849884836
Kazakhstan,KAZ,2005,98.78402243031931
Kazakhstan,KAZ,2006,99.14444028949212
Kazakhstan,KAZ,2007,98.69833043002068
Kazakhstan,KAZ,2008,98.82505468458857
Kazakhstan,KAZ,2009,99.06666618734288
Kazakhstan,KAZ,2010,98.80112924455152
Kazakhstan,KAZ,2011,97.82540242738868
Kazakhstan,KAZ,2012,97.56666575363954
Kazakhstan,KAZ,2013,97.30197328468446
Kazakhstan,KAZ,2014,97.65701047061455
Kazakhstan,KAZ,2015,98.12823610473373
Kazakhstan,KAZ,2016,98.40481957880431
Kazakhstan,KAZ,2017,97.77049681252902
Kazakhstan,KAZ,2018,96.90641746736318
Kenya,KEN,1992,99.35590833440328
Kenya,KEN,1994,99.70206434751212
Kenya,KEN,1997,99.44767366405136
Kenya,KEN,2005,99.62848942170888
Kenya,KEN,2015,99.83351951910345
Kiribati,KIR,2006,99.61211992812292
Kiribati,KIR,2019,99.74953791642632
Kosovo,OWID_KOS,2003,99.9833498207359
Kosovo,OWID_KOS,2005,99.98841899199118
Kosovo,OWID_KOS,2006,100
Kosovo,OWID_KOS,2009,99.93420179835404
Kosovo,OWID_KOS,2010,99.86186445304725
Kosovo,OWID_KOS,2011,99.99553500965168
Kosovo,OWID_KOS,2012,99.56802297811372
Kosovo,OWID_KOS,2013,99.65856112214868
Kosovo,OWID_KOS,2014,99.70035897596172
Kosovo,OWID_KOS,2015,99.70025006481312
Kosovo,OWID_KOS,2016,99.59311620049988
Kosovo,OWID_KOS,2017,98.9056017424621
Kyrgyzstan,KGZ,1998,99.33900250385787
Kyrgyzstan,KGZ,2000,100
Kyrgyzstan,KGZ,2001,100
Kyrgyzstan,KGZ,2002,100
Kyrgyzstan,KGZ,2003,100
Kyrgyzstan,KGZ,2004,99.73093282457543
Kyrgyzstan,KGZ,2005,99.93044518682368
Kyrgyzstan,KGZ,2006,99.40838071002486
Kyrgyzstan,KGZ,2007,99.77425746588968
Kyrgyzstan,KGZ,2008,99.57176640157792
Kyrgyzstan,KGZ,2009,99.72711598767089
Kyrgyzstan,KGZ,2010,99.75254639789716
Kyrgyzstan,KGZ,2011,99.80920093429701
Kyrgyzstan,KGZ,2012,99.84186799444272
Kyrgyzstan,KGZ,2013,99.87347263686243
Kyrgyzstan,KGZ,2014,99.82284909869148
Kyrgyzstan,KGZ,2015,99.63854228240653
Kyrgyzstan,KGZ,2016,99.88970378967485
Kyrgyzstan,KGZ,2017,99.75817303801038
Kyrgyzstan,KGZ,2018,99.73089650712535
Kyrgyzstan,KGZ,2019,99.24844870575008
Kyrgyzstan,KGZ,2020,99.76230360278572
Laos,LAO,1992,99.931073671377
Laos,LAO,1997,99.97010464588394
Laos,LAO,2002,99.92461301211532
Laos,LAO,2007,99.84736943362572
Laos,LAO,2012,99.78809437166204
Laos,LAO,2018,99.32376620451454
Latin America and the Caribbean,,1990,94.72429015822767
Latin America and the Caribbean,,1991,95.01955813606112
Latin America and the Caribbean,,1992,95.43641019280504
Latin America and the Caribbean,,1993,94.5881694036674
Latin America and the Caribbean,,1994,93.985508643738
Latin America and the Caribbean,,1995,93.68024421935546
Latin America and the Caribbean,,1996,93.81273130402803
Latin America and the Caribbean,,1997,93.58837553948327
Latin America and the Caribbean,,1998,93.42177522738572
Latin America and the Caribbean,,1999,93.67477491193246
Latin America and the Caribbean,,2000,93.17886574185128
Latin America and the Caribbean,,2001,93.11813360435175
Latin America and the Caribbean,,2002,93.3618149164692
Latin America and the Caribbean,,2003,93.3563778811743
Latin America and the Caribbean,,2004,93.2084244515813
Latin America and the Caribbean,,2005,92.74352298328708
Latin America and the Caribbean,,2006,91.84151223200875
Latin America and the Caribbean,,2007,91.47530228559087
Latin America and the Caribbean,,2008,91.07884696556486
Latin America and the Caribbean,,2009,91.07258006882743
Latin America and the Caribbean,,2010,90.68115092950416
Latin America and the Caribbean,,2011,90.05201971051946
Latin America and the Caribbean,,2012,89.26070435622368
Latin America and the Caribbean,,2013,88.85435479080905
Latin America and the Caribbean,,2014,88.81221759132588
Latin America and the Caribbean,,2015,88.57384556160947
Latin America and the Caribbean,,2016,88.42205378098488
Latin America and the Caribbean,,2017,88.31638929918677
Latin America and the Caribbean,,2018,88.14978147172835
Latin America and the Caribbean,,2019,88.02671662896519
Latvia,LVA,1993,99.99900000000001
Latvia,LVA,1995,98.39283699254776
Latvia,LVA,1996,98.6004480433908
Latvia,LVA,1997,98.39533531301741
Latvia,LVA,1998,98.06467864945736
Latvia,LVA,2002,95.6393499172027
Latvia,LVA,2003,92.08337993668889
Latvia,LVA,2004,93.7106863281356
Latvia,LVA,2005,92.29563425276261
Latvia,LVA,2006,88.3822969896556
Latvia,LVA,2007,83.10710432961072
Latvia,LVA,2008,83.68622222865608
Latvia,LVA,2009,90.59410972084552
Latvia,LVA,2010,89.47575832508002
Latvia,LVA,2011,88.44761293796442
Latvia,LVA,2012,87.33001776760436
Latvia,LVA,2013,83.66455184144537
Latvia,LVA,2014,80.62464656417072
Latvia,LVA,2015,77.27878996575613
Latvia,LVA,2016,73.80104503453276
Latvia,LVA,2017,69.9620181216809
Latvia,LVA,2018,65.65471927767106
Latvia,LVA,2019,64.05543721961709
Lebanon,LBN,2011,74.73100821120963
Lesotho,LSO,1986,99.27185643225452
Lesotho,LSO,1994,98.75247524752476
Lesotho,LSO,2002,99.85886396817668
Lesotho,LSO,2017,99.5451816933531
Liberia,LBR,2007,99.97553422311653
Liberia,LBR,2014,99.9988288363072
Liberia,LBR,2016,99.92768987355596
Lithuania,LTU,1993,99.5519920070422
Lithuania,LTU,1996,97.7862243967392
Lithuania,LTU,1998,97.67613153907038
Lithuania,LTU,1999,97.73050816050896
Lithuania,LTU,2000,98.25844817768974
Lithuania,LTU,2001,98.15715199208049
Lithuania,LTU,2002,98.2669372003253
Lithuania,LTU,2003,93.52797210649832
Lithuania,LTU,2004,93.44229659575244
Lithuania,LTU,2005,92.29301345064346
Lithuania,LTU,2006,88.42635392593974
Lithuania,LTU,2007,81.98548267988782
Lithuania,LTU,2008,87.73246007897781
Lithuania,LTU,2009,85.21325955306293
Lithuania,LTU,2010,89.60122040020663
Lithuania,LTU,2011,86.99646486676745
Lithuania,LTU,2012,84.6246080423041
Lithuania,LTU,2013,82.4198961572901
Lithuania,LTU,2014,78.5772413399362
Lithuania,LTU,2015,74.41805316839631
Lithuania,LTU,2016,71.88419324894836
Lithuania,LTU,2017,66.9114178692578
Lithuania,LTU,2018,61.3052127088063
Lithuania,LTU,2019,57.19072794429786
Luxembourg,LUX,1985,44.94917685765509
Luxembourg,LUX,1991,18.45927806657176
Luxembourg,LUX,1994,13.949852446374319
Luxembourg,LUX,1997,15.4806163699109
Luxembourg,LUX,2000,12.74307023030432
Luxembourg,LUX,2003,10.00011044807337
Luxembourg,LUX,2004,9.42967915107169
Luxembourg,LUX,2005,8.59597230290119
Luxembourg,LUX,2006,9.4600826845367
Luxembourg,LUX,2007,9.01031126712498
Luxembourg,LUX,2008,10.36390798620051
Luxembourg,LUX,2009,9.53183867432162
Luxembourg,LUX,2010,8.826623129411661
Luxembourg,LUX,2011,12.60223928173103
Luxembourg,LUX,2012,12.92578364723169
Luxembourg,LUX,2013,12.41458286449782
Luxembourg,LUX,2014,10.42091283891961
Luxembourg,LUX,2015,13.9915685989881
Luxembourg,LUX,2016,10.176352418027781
Luxembourg,LUX,2017,13.074393537485399
Luxembourg,LUX,2018,12.74347155471925
Luxembourg,LUX,2019,11.329721611168619
Madagascar,MDG,1980,99.6295130042342
Madagascar,MDG,1993,99.72760546819578
Madagascar,MDG,1997,99.96997805566916
Madagascar,MDG,1999,99.9978948270638
Madagascar,MDG,2001,99.98127293849616
Madagascar,MDG,2005,99.94219619462382
Madagascar,MDG,2010,99.94682800986317
Madagascar,MDG,2012,99.99894504451625
Malawi,MWI,1997,99.51666066018622
Malawi,MWI,2004,99.94207313192712
Malawi,MWI,2010,99.85467591498112
Malawi,MWI,2016,99.9212970898497
Malawi,MWI,2019,99.97464958870178
Malaysia,MYS,1984,93.62807705187194
Malaysia,MYS,1987,93.96723754586898
Malaysia,MYS,1989,94.35457994732415
Malaysia,MYS,1992,92.37062583065828
Malaysia,MYS,1995,91.90670274602168
Malaysia,MYS,1997,87.92421145926711
Malaysia,MYS,2003,89.04005640790731
Malaysia,MYS,2006,87.16052990995603
Malaysia,MYS,2008,85.80752847127341
Malaysia,MYS,2011,79.67990474803592
Malaysia,MYS,2013,75.38903732174343
Malaysia,MYS,2015,70.0251266163182
Maldives,MDV,2002,99.51056268762052
Maldives,MDV,2009,97.93692910794496
Maldives,MDV,2016,90.97571909837666
Maldives,MDV,2019,90.6670688296591
Mali,MLI,1994,99.94309107841086
Mali,MLI,2001,99.9866993148652
Mali,MLI,2006,99.991865273339
Mali,MLI,2009,99.99985993420816
Mali,MLI,2018,99.93732231667313
Malta,MLT,2006,54.02923242780686
Malta,MLT,2007,47.42821578626926
Malta,MLT,2008,46.66658513063728
Malta,MLT,2009,49.09877685891876
Malta,MLT,2010,46.590908434625725
Malta,MLT,2011,44.600842587841846
Malta,MLT,2012,41.83076538348966
Malta,MLT,2013,37.41731528836052
Malta,MLT,2014,33.88559455516588
Malta,MLT,2015,34.29799087915674
Malta,MLT,2016,30.188316963206606
Malta,MLT,2017,29.181622610808077
Malta,MLT,2018,27.1161401085343
Malta,MLT,2019,23.85058622471906
Marshall Islands,MHL,2019,96.97398642504173
Mauritania,MRT,1987,99.99900000000001
Mauritania,MRT,1993,99.99900000000001
Mauritania,MRT,1995,99.84841927903126
Mauritania,MRT,2000,99.89069966547076
Mauritania,MRT,2004,99.49902910870874
Mauritania,MRT,2008,99.86853358325224
Mauritania,MRT,2014,99.767124501612
Mauritius,MUS,2006,96.5102964308854
Mauritius,MUS,2012,95.01911042424383
Mauritius,MUS,2017,93.83758147680028
Mexico,MEX,1984,96.18113294357347
Mexico,MEX,1989,96.194058162581
Mexico,MEX,1992,94.19765494506092
Mexico,MEX,1994,93.75899695039685
Mexico,MEX,1996,96.83317733191964
Mexico,MEX,1998,96.2964909289168
Mexico,MEX,2000,94.50924251267205
Mexico,MEX,2002,94.56920045976736
Mexico,MEX,2004,94.08363113476057
Mexico,MEX,2005,94.09336011444708
Mexico,MEX,2006,93.18377542570748
Mexico,MEX,2008,93.32447763299491
Mexico,MEX,2010,94.20673761094153
Mexico,MEX,2012,92.69371127359314
Mexico,MEX,2014,93.86279675591544
Mexico,MEX,2016,93.06437699713071
Mexico,MEX,2018,93.13761585612176
Mexico,MEX,2020,93.54087258139046
Micronesia (country),FSM,2005,98.36155514802394
Micronesia (country),FSM,2013,99.59751493497436
Micronesia (country) - urban,,2000,98.27968748356976
Middle East and North Africa,,1990,98.82377952403124
Middle East and North Africa,,1991,98.59179300721999
Middle East and North Africa,,1992,98.43148123690004
Middle East and North Africa,,1993,98.34107195394995
Middle East and North Africa,,1994,98.424062334832
Middle East and North Africa,,1995,98.54863072723012
Middle East and North Africa,,1996,98.46606115172169
Middle East and North Africa,,1997,98.3562370478687
Middle East and North Africa,,1998,98.19441362020068
Middle East and North Africa,,1999,98.15893751695587
Middle East and North Africa,,2000,97.94090382513744
Middle East and North Africa,,2001,97.73947922255451
Middle East and North Africa,,2003,97.25507108735965
Middle East and North Africa,,2004,96.84943422375298
Middle East and North Africa,,2005,96.41619791370054
Middle East and North Africa,,2006,96.18796149616796
Middle East and North Africa,,2007,95.77725703344274
Middle East and North Africa,,2008,95.93307888718856
Middle East and North Africa,,2009,96.06402197528247
Middle East and North Africa,,2010,96.03278621898865
Middle East and North Africa,,2011,95.98259353167552
Middle East and North Africa,,2012,96.31920204087376
Middle East and North Africa,,2013,96.50474130492455
Middle East and North Africa,,2014,96.71108225666966
Middle East and North Africa,,2015,96.77042961777155
Middle East and North Africa,,2016,96.68364054655524
Middle East and North Africa,,2017,96.39829713999464
Middle East and North Africa,,2018,96.41125921501624
Moldova,MDA,1997,99.75693700544515
Moldova,MDA,1998,99.79500102438884
Moldova,MDA,1999,99.56878650575209
Moldova,MDA,2000,99.95136717338482
Moldova,MDA,2001,99.87163738560956
Moldova,MDA,2002,99.82959875872241
Moldova,MDA,2003,99.61050198908764
Moldova,MDA,2004,99.58352975702867
Moldova,MDA,2005,99.7004556539821
Moldova,MDA,2006,98.65485017734792
Moldova,MDA,2007,98.25324855890555
Moldova,MDA,2008,98.53063622006552
Moldova,MDA,2009,98.90512460913848
Moldova,MDA,2010,98.71847634835592
Moldova,MDA,2011,98.88260619186524
Moldova,MDA,2012,99.02773748638576
Moldova,MDA,2013,98.98425192126332
Moldova,MDA,2014,99.34987885304277
Moldova,MDA,2015,99.0811149434004
Moldova,MDA,2016,99.32072133196456
Moldova,MDA,2017,99.3273410291586
Moldova,MDA,2018,99.02085836329206
Moldova,MDA,2019,99.14044244987787
Mongolia,MNG,1995,99.99900000000001
Mongolia,MNG,1998,99.99900000000001
Mongolia,MNG,2002,99.84256953230764
Mongolia,MNG,2007,98.71070853839308
Mongolia,MNG,2010,99.0988747451623
Mongolia,MNG,2011,98.6646945483434
Mongolia,MNG,2012,97.67125133480597
Mongolia,MNG,2014,97.76209689506061
Mongolia,MNG,2016,98.78972211085257
Mongolia,MNG,2018,98.48622764773309
Montenegro,MNE,2005,96.55188612744412
Montenegro,MNE,2006,96.62525941056704
Montenegro,MNE,2007,92.84339882374249
Montenegro,MNE,2008,91.25660184843667
Montenegro,MNE,2009,91.67375458090616
Montenegro,MNE,2010,96.16453975684104
Montenegro,MNE,2011,94.69032443416752
Montenegro,MNE,2012,95.01760667975006
Montenegro,MNE,2013,94.211029442875
Montenegro,MNE,2014,93.4684610091093
Montenegro,MNE,2015,93.25257369773898
Montenegro,MNE,2016,91.45312575374236
Montenegro,MNE,2017,91.64177951798635
Montenegro,MNE,2018,92.28547823798763
Morocco,MAR,1984,99.42160275674996
Morocco,MAR,1990,98.66279849774237
Morocco,MAR,1998,98.8877133114101
Morocco,MAR,2000,98.82869923526955
Morocco,MAR,2006,97.574553986037
Morocco,MAR,2013,96.11306150430295
Mozambique,MOZ,1996,99.91034038860069
Mozambique,MOZ,2002,99.84576778097241
Mozambique,MOZ,2008,99.80642896139868
Mozambique,MOZ,2014,99.45680318779908
Myanmar,MMR,2015,99.35293147294286
Myanmar,MMR,2017,99.55827692464105
Namibia,NAM,1993,96.43374276173296
Namibia,NAM,2003,95.63428241463502
Namibia,NAM,2009,95.68536413687806
Namibia,NAM,2015,92.5266627459542
Nauru,NRU,2012,98.98098313792104
Nepal,NPL,1984,99.99900000000001
Nepal,NPL,1995,99.94750624660807
Nepal,NPL,2003,99.66346550262132
Nepal,NPL,2010,99.92289756995329
Netherlands,NLD,1983,57.998619127073155
Netherlands,NLD,1987,50.721698314558026
Netherlands,NLD,1990,37.49494866141195
Netherlands,NLD,1993,41.484687466647166
Netherlands,NLD,1999,28.2461508246585
Netherlands,NLD,2004,28.53389341175926
Netherlands,NLD,2005,26.47002848778422
Netherlands,NLD,2006,23.04701203154357
Netherlands,NLD,2007,19.91945117255449
Netherlands,NLD,2008,19.49849316597409
Netherlands,NLD,2009,20.3284964778672
Netherlands,NLD,2010,20.256219846116412
Netherlands,NLD,2011,20.19984271419719
Netherlands,NLD,2012,20.8225085474531
Netherlands,NLD,2013,22.72990938380627
Netherlands,NLD,2014,21.93749557837425
Netherlands,NLD,2015,17.88534761805959
Netherlands,NLD,2016,16.478612765223293
Netherlands,NLD,2017,16.61754049476206
Netherlands,NLD,2018,16.21486719955119
Netherlands,NLD,2019,15.55254584672382
Nicaragua,NIC,1993,98.42391704223765
Nicaragua,NIC,1998,98.63166628331088
Nicaragua,NIC,2001,99.12489454348055
Nicaragua,NIC,2005,99.4413319588264
Nicaragua,NIC,2009,97.88148620728371
Nicaragua,NIC,2014,95.53557806946664
Niger,NER,1992,99.95746367524112
Niger,NER,1994,99.98976257740492
Niger,NER,2005,99.85166780271865
Niger,NER,2007,99.95659067366002
Niger,NER,2011,99.99842448649599
Niger,NER,2014,99.98109060226216
Niger,NER,2018,99.8563282339118
Nigeria,NGA,1985,99.99900000000001
Nigeria,NGA,1992,100
Nigeria,NGA,1996,99.66068427064869
Nigeria,NGA,2003,99.97130456960868
Nigeria,NGA,2010,99.99799445969359
Nigeria,NGA,2012,99.99889842958576
Nigeria,NGA,2015,99.9983590261096
Nigeria,NGA,2018,99.96996485224871
North Macedonia,MKD,1998,99.95694436415148
North Macedonia,MKD,2000,99.65290845576929
North Macedonia,MKD,2002,96.60543646622858
North Macedonia,MKD,2003,96.38434415981526
North Macedonia,MKD,2004,94.48525238355606
North Macedonia,MKD,2005,95.50885279039471
North Macedonia,MKD,2006,94.38896850263008
North Macedonia,MKD,2008,87.75341842071182
North Macedonia,MKD,2009,97.7081074389215
North Macedonia,MKD,2010,98.13575842252072
North Macedonia,MKD,2011,98.12977643172998
North Macedonia,MKD,2012,98.53148804259534
North Macedonia,MKD,2013,98.63919977066428
North Macedonia,MKD,2014,98.44333580787854
North Macedonia,MKD,2015,98.05384982049988
North Macedonia,MKD,2016,98.04674815993044
North Macedonia,MKD,2017,97.45000242073336
North Macedonia,MKD,2018,97.55615407203578
Norway,NOR,1979,68.74273639725304
Norway,NOR,1986,41.49922285522812
Norway,NOR,1991,36.22047990691753
Norway,NOR,1995,35.248441425974804
Norway,NOR,2000,20.244798342610782
Norway,NOR,2003,16.75135055601541
Norway,NOR,2004,16.79167364784516
Norway,NOR,2005,14.16389659862278
Norway,NOR,2006,14.33816695644577
Norway,NOR,2007,9.93883330561581
Norway,NOR,2008,10.37660615581276
Norway,NOR,2009,9.34063336340986
Norway,NOR,2010,8.83114015861219
Norway,NOR,2011,7.554043936108471
Norway,NOR,2012,7.374424204471359
Norway,NOR,2013,6.555087044770371
Norway,NOR,2014,6.719707584522661
Norway,NOR,2015,6.92269698655675
Norway,NOR,2016,8.357463533505
Norway,NOR,2017,7.360899529917921
Norway,NOR,2018,7.5563469548189
Norway,NOR,2019,7.0499580902908505
Pakistan,PAK,1987,99.99408688872384
Pakistan,PAK,1990,99.99720242350489
Pakistan,PAK,1996,99.9469774775714
Pakistan,PAK,1998,99.79008804579897
Pakistan,PAK,2001,99.96143902176816
Pakistan,PAK,2004,99.89434964240536
Pakistan,PAK,2005,99.82699871729795
Pakistan,PAK,2007,99.86846324986965
Pakistan,PAK,2010,99.86697395464064
Pakistan,PAK,2011,99.83254811970872
Pakistan,PAK,2013,99.83150829253547
Pakistan,PAK,2015,99.6244852855651
Pakistan,PAK,2018,99.7951994289349
Palestine,PSE,2004,97.76704348087289
Palestine,PSE,2005,97.27863641525228
Palestine,PSE,2006,97.18858238392474
Palestine,PSE,2007,97.77402686091023
Palestine,PSE,2009,96.56940730766796
Palestine,PSE,2010,96.64300060668091
Palestine,PSE,2011,96.72341858572257
Palestine,PSE,2016,97.69996838693704
Panama,PAN,1979,93.77795605511368
Panama,PAN,1989,94.14294563469493
Panama,PAN,1991,93.64422774457375
Panama,PAN,1995,90.74581236863895
Panama,PAN,1997,90.2631463187923
Panama,PAN,1998,91.06268347463694
Panama,PAN,1999,89.91623911810102
Panama,PAN,2000,89.2072852594096
Panama,PAN,2001,91.10445388263706
Panama,PAN,2002,89.7528850604759
Panama,PAN,2003,89.14395551498923
Panama,PAN,2004,88.90477717673136
Panama,PAN,2005,89.13670466202151
Panama,PAN,2006,89.05117501876886
Panama,PAN,2007,88.86507527955338
Panama,PAN,2008,85.9222031641698
Panama,PAN,2009,85.94128759900373
Panama,PAN,2010,85.20314214698288
Panama,PAN,2011,83.02452646518016
Panama,PAN,2012,82.37695100623597
Panama,PAN,2013,81.3596416200366
Panama,PAN,2014,81.41548133652101
Panama,PAN,2015,78.92649369098989
Panama,PAN,2016,76.15407271136125
Panama,PAN,2017,76.18290187714392
Panama,PAN,2018,74.35763321190336
Panama,PAN,2019,73.70872602138078
Papua New Guinea,PNG,1996,99.87931437284053
Papua New Guinea,PNG,2009,99.94338089028716
Paraguay,PRY,1990,90.26364996260284
Paraguay,PRY,1995,91.40455670470764
Paraguay,PRY,1997,89.32414871206657
Paraguay,PRY,1999,91.75829862400946
Paraguay,PRY,2001,91.58398583152224
Paraguay,PRY,2002,95.21906123701342
Paraguay,PRY,2003,93.22595112559888
Paraguay,PRY,2004,94.01989201498054
Paraguay,PRY,2005,92.8386172184813
Paraguay,PRY,2006,93.67528175399484
Paraguay,PRY,2007,93.34911217207916
Paraguay,PRY,2008,92.55473975522641
Paraguay,PRY,2009,93.15256615713008
Paraguay,PRY,2010,91.88190460463012
Paraguay,PRY,2011,90.63148703245564
Paraguay,PRY,2012,90.19741927529152
Paraguay,PRY,2013,88.12162990745077
Paraguay,PRY,2014,87.36298227823652
Paraguay,PRY,2015,87.49417053377809
Paraguay,PRY,2016,88.46007549544349
Paraguay,PRY,2017,88.7146772684218
Paraguay,PRY,2018,87.4903694574242
Paraguay,PRY,2019,86.98145154369121
Paraguay,PRY,2020,89.93887140249261
Peru,PER,1985,92.70170739872782
Peru,PER,1994,98.81069777848208
Peru,PER,1997,96.5712657886366
Peru,PER,1998,95.5938068467995
Peru,PER,1999,95.3784222211672
Peru,PER,2000,97.0078358778941
Peru,PER,2001,97.14018985874941
Peru,PER,2002,96.28169951229908
Peru,PER,2003,95.4675548475618
Peru,PER,2004,96.7493852882888
Peru,PER,2005,96.86976051297516
Peru,PER,2006,96.13466171778342
Peru,PER,2007,95.36620456798653
Peru,PER,2008,95.28950435175894
Peru,PER,2009,94.90496333928043
Peru,PER,2010,94.77820729717992
Peru,PER,2011,94.59267409266744
Peru,PER,2012,93.64381937022256
Peru,PER,2013,93.57989808873836
Peru,PER,2014,93.61085961998525
Peru,PER,2015,93.50085172736152
Peru,PER,2016,92.85315054402878
Peru,PER,2017,93.1488391495402
Peru,PER,2018,92.55150409915287
Peru,PER,2019,92.5803122076654
Peru,PER,2020,95.51773995983278
Philippines,PHL,1985,99.57298066328444
Philippines,PHL,1988,99.69705918601235
Philippines,PHL,1991,99.32175785893074
Philippines,PHL,1994,99.4164213245546
Philippines,PHL,1997,98.95586873067693
Philippines,PHL,2000,99.25926629173996
Philippines,PHL,2003,99.3282010323598
Philippines,PHL,2006,99.2193974652078
Philippines,PHL,2009,99.0746914992612
Philippines,PHL,2012,99.10711467992752
Philippines,PHL,2015,99.11453656661
Philippines,PHL,2018,99.11916361931286
Poland,POL,1985,97.82368530273436
Poland,POL,1986,96.99716385784588
Poland,POL,1987,96.79155025643979
Poland,POL,1989,88.05087825877096
Poland,POL,1992,94.49193840789447
Poland,POL,1993,99.99900000000001
Poland,POL,1995,96.4996955366378
Poland,POL,1996,99.48350952148436
Poland,POL,1998,95.47933807730058
Poland,POL,1999,95.51679578410777
Poland,POL,2000,95.42205284708912
Poland,POL,2001,95.6066326697254
Poland,POL,2002,95.0967663658
Poland,POL,2003,92.9755531537293
Poland,POL,2004,91.91804082570654
Poland,POL,2005,94.555725849106
Poland,POL,2006,93.5988548760677
Poland,POL,2007,92.48210134233229
Poland,POL,2008,91.03145654401658
Poland,POL,2009,90.64883909836216
Poland,POL,2010,90.06503771076333
Poland,POL,2011,90.86822549745393
Poland,POL,2012,91.02277172332248
Poland,POL,2013,90.81488342498848
Poland,POL,2014,90.4793842157888
Poland,POL,2015,89.82849622463334
Poland,POL,2016,89.05000169589505
Poland,POL,2017,88.68911199875522
Poland,POL,2018,89.14334763370634
Poland,POL,2019,88.22440184122571
Portugal,PRT,2003,72.91395274226437
Portugal,PRT,2004,71.43206141937587
Portugal,PRT,2005,72.23522000912858
Portugal,PRT,2006,69.55856250177501
Portugal,PRT,2007,69.32106708931602
Portugal,PRT,2008,69.70252498127158
Portugal,PRT,2009,66.5689149882095
Portugal,PRT,2010,68.71020982637988
Portugal,PRT,2011,71.8906398289861
Portugal,PRT,2012,74.25074660677457
Portugal,PRT,2013,73.31660673212559
Portugal,PRT,2014,73.0201122727913
Portugal,PRT,2015,69.88852487035474
Portugal,PRT,2016,69.03179903029363
Portugal,PRT,2017,68.08790269039272
Portugal,PRT,2018,64.29459122892382
Portugal,PRT,2019,59.68571730716141
Romania,ROU,1989,95.94313133025084
Romania,ROU,1992,99.99900000000001
Romania,ROU,1994,99.99900000000001
Romania,ROU,1995,99.24743558772278
Romania,ROU,1997,99.24907908507228
Romania,ROU,1998,99.34278652854329
Romania,ROU,1999,99.84289855049407
Romania,ROU,2000,99.87399438862991
Romania,ROU,2001,99.80856257521043
Romania,ROU,2002,99.72479889899417
Romania,ROU,2003,99.7781590331076
Romania,ROU,2004,99.80536553970072
Romania,ROU,2005,99.78245746674672
Romania,ROU,2006,99.7098027396977
Romania,ROU,2007,99.53937769070218
Romania,ROU,2008,99.06524170058344
Romania,ROU,2009,99.38033360527399
Romania,ROU,2010,99.57461610047585
Romania,ROU,2011,99.68329718192648
Romania,ROU,2012,99.59764183906124
Romania,ROU,2013,99.59734314599682
Romania,ROU,2014,98.48325816080076
Romania,ROU,2015,97.178017357791
Romania,ROU,2016,98.2846906404735
Romania,ROU,2017,90.09350405060223
Romania,ROU,2018,96.62562050162175
Romania,ROU,2019,83.1254174348076
Russia,RUS,1993,94.2609642831981
Russia,RUS,1996,94.57117297877768
Russia,RUS,1997,96.4503343744264
Russia,RUS,1998,97.26424291087143
Russia,RUS,1999,98.8475275655501
Russia,RUS,2000,98.50245647790636
Russia,RUS,2001,97.77215617285104
Russia,RUS,2002,97.01508997418053
Russia,RUS,2003,94.50251719900166
Russia,RUS,2004,93.7247214486152
Russia,RUS,2005,91.78913109940672
Russia,RUS,2006,89.80849615884371
Russia,RUS,2007,86.72257275345977
Russia,RUS,2008,84.20944074400525
Russia,RUS,2009,85.53787892555962
Russia,RUS,2010,83.35989882299393
Russia,RUS,2011,82.71607110116497
Russia,RUS,2012,81.45283105277503
Russia,RUS,2013,80.84189244640491
Russia,RUS,2014,81.76823032490745
Russia,RUS,2015,83.95627129527176
Russia,RUS,2016,84.36763984830097
Russia,RUS,2017,84.64030028736227
Russia,RUS,2018,85.03950124283813
Russia,RUS,2019,83.96319302692554
Russia,RUS,2020,86.03628396997411
Rwanda,RWA,2000,99.83535255210678
Rwanda,RWA,2005,99.61416412674352
Rwanda,RWA,2010,99.72048229753132
Rwanda,RWA,2013,99.70670071326032
Rwanda,RWA,2016,99.8059114037468
Rwanda - rural,,1984,99.99900000000001
Saint Lucia,LCA,1995,99.74548933909132
Saint Lucia,LCA,2016,84.24887696167085
Samoa,WSM,2002,96.9298015481822
Samoa,WSM,2008,96.2851964425556
Samoa,WSM,2013,97.0387483653348
Sao Tome and Principe,STP,2000,100
Sao Tome and Principe,STP,2010,100
Sao Tome and Principe,STP,2017,99.6418490365884
Senegal,SEN,1991,99.7589952544958
Senegal,SEN,1994,99.90423764499587
Senegal,SEN,2001,99.82424619836118
Senegal,SEN,2005,99.95076646551749
Senegal,SEN,2011,99.90853812150914
Senegal,SEN,2018,99.36204963604793
Serbia,SRB,2002,94.6940510730719
Serbia,SRB,2003,95.66653551052696
Serbia,SRB,2004,96.02433396270864
Serbia,SRB,2005,94.79708909124427
Serbia,SRB,2006,97.30844049309324
Serbia,SRB,2007,97.17951858198415
Serbia,SRB,2008,97.59833414014813
Serbia,SRB,2009,97.6154172788633
Serbia,SRB,2010,97.81322664036206
Serbia,SRB,2012,94.66810979425932
Serbia,SRB,2013,97.8324337701346
Serbia,SRB,2014,96.43390243587444
Serbia,SRB,2015,96.43031807984214
Serbia,SRB,2016,95.79913292551474
Serbia,SRB,2017,96.32132819403488
Serbia,SRB,2018,94.42966402075707
Serbia,SRB,2019,96.46669697872387
Seychelles,SYC,1999,88.44404003639671
Seychelles,SYC,2006,89.65534357140034
Seychelles,SYC,2013,86.55839096659751
Seychelles,SYC,2018,84.18553414273018
Sierra Leone,SLE,1989,99.94728393554688
Sierra Leone,SLE,2003,100
Sierra Leone,SLE,2011,99.99955203664987
Sierra Leone,SLE,2018,99.91846043662123
Slovakia,SVK,1992,97.74908831041176
Slovakia,SVK,1996,95.74661671901968
Slovakia,SVK,2004,96.23366795809795
Slovakia,SVK,2005,94.53739697082736
Slovakia,SVK,2006,92.4946082739196
Slovakia,SVK,2007,92.43747201903419
Slovakia,SVK,2008,92.47331480237251
Slovakia,SVK,2009,94.69305474252863
Slovakia,SVK,2010,79.36778849421565
Slovakia,SVK,2011,76.1862791354004
Slovakia,SVK,2012,81.49789819687628
Slovakia,SVK,2013,80.5109209379723
Slovakia,SVK,2014,81.60468289756115
Slovakia,SVK,2015,80.94898178733224
Slovakia,SVK,2016,80.04170842847867
Slovakia,SVK,2017,76.18297071291535
Slovakia,SVK,2018,71.65986424036862
Slovakia,SVK,2019,71.10993432646599
Slovenia,SVN,1987,44.81813896106953
Slovenia,SVN,1993,85.89980102539062
Slovenia,SVN,1997,78.74848766787697
Slovenia,SVN,1998,78.56551469601897
Slovenia,SVN,1999,78.9853971219496
Slovenia,SVN,2002,74.23392339533315
Slovenia,SVN,2003,75.08601887305166
Slovenia,SVN,2004,59.49236484151032
Slovenia,SVN,2005,56.155443342083366
Slovenia,SVN,2006,53.45621001147568
Slovenia,SVN,2007,48.05282046816534
Slovenia,SVN,2008,44.61889856110327
Slovenia,SVN,2009,45.06497813315069
Slovenia,SVN,2010,44.483231356140614
Slovenia,SVN,2011,45.17672687536079
Slovenia,SVN,2012,49.616505256426166
Slovenia,SVN,2013,50.61416997525639
Slovenia,SVN,2014,48.15889027586452
Slovenia,SVN,2015,47.16844867081011
Slovenia,SVN,2016,43.81236918118323
Slovenia,SVN,2017,41.124598043431085
Slovenia,SVN,2018,36.48543617591308
Slovenia,SVN,2019,34.807047788551124
Solomon Islands,SLB,2005,99.7814137899165
Solomon Islands,SLB,2012,99.83021704233647
Somalia,SOM,2017,99.99402383258844
South Africa,ZAF,1993,95.80884320717348
South Africa,ZAF,2000,97.08438200570438
South Africa,ZAF,2005,92.93158589379038
South Africa,ZAF,2008,90.60576175829544
South Africa,ZAF,2010,89.92387689166617
South Africa,ZAF,2014,90.76663809576343
South Asia,,1990,99.95201789500356
South Asia,,1991,99.94915397397229
South Asia,,1992,99.94899157116755
South Asia,,1993,99.94772159935849
South Asia,,1994,99.9439220289948
South Asia,,1995,99.93827303643693
South Asia,,1996,99.93412726387099
South Asia,,2002,99.89572404820156
South Asia,,2003,99.88024340766212
South Asia,,2004,99.87161577410508
South Asia,,2005,99.8595780807794
South Asia,,2006,99.85109358910051
South Asia,,2007,99.84888332217851
South Asia,,2008,99.85039471253252
South Asia,,2009,99.84834159227444
South Asia,,2010,99.82385212162046
South Asia,,2011,99.76755430559759
South Asia,,2012,99.75461393533298
South Asia,,2013,99.76900191226188
South Asia,,2014,99.78472874270467
South Asia,,2015,99.79009778256548
South Asia,,2016,99.7741988298189
South Asia,,2017,99.7235462203522
South Asia,,2018,99.76301423751075
South Asia,,2019,99.62330746779384
South Korea,KOR,2006,47.743423708612
South Korea,KOR,2008,46.49607682575177
South Korea,KOR,2010,45.498449664113785
South Korea,KOR,2012,40.74866352914681
South Korea,KOR,2014,36.49319437584721
South Korea,KOR,2016,34.74692130302234
South Sudan,SSD,2009,99.9174366489053
South Sudan,SSD,2016,99.97037064773276
Spain,ESP,1980,87.99981043905176
Spain,ESP,1985,88.97581274622158
Spain,ESP,1990,79.74910957368418
Spain,ESP,1995,67.47872243795696
Spain,ESP,2000,52.96729339618883
Spain,ESP,2003,53.66546701462976
Spain,ESP,2004,54.41698086151001
Spain,ESP,2005,51.37334323317456
Spain,ESP,2006,51.8291842868326
Spain,ESP,2007,41.051611992592804
Spain,ESP,2008,39.77304020578058
Spain,ESP,2009,40.24256749226761
Spain,ESP,2010,44.14414141309054
Spain,ESP,2011,46.20921650776571
Spain,ESP,2012,48.85480604497106
Spain,ESP,2013,50.9749211326407
Spain,ESP,2014,50.57224306642581
Spain,ESP,2015,48.63346473654707
Spain,ESP,2016,45.91842534154772
Spain,ESP,2017,45.022252389365555
Spain,ESP,2018,44.66120722304857
Spain,ESP,2019,41.08466280324985
Sri Lanka,LKA,1985,99.92280172302917
Sri Lanka,LKA,1990,99.72441061611444
Sri Lanka,LKA,1995,99.66086688365088
Sri Lanka,LKA,2002,99.11067818508252
Sri Lanka,LKA,2006,98.8491280174111
Sri Lanka,LKA,2009,99.06733063030804
Sri Lanka,LKA,2012,98.41963278370066
Sri Lanka,LKA,2016,97.69104589280704
Sub-Saharan Africa,,1990,99.4189651897372
Sub-Saharan Africa,,1991,99.45123665176784
Sub-Saharan Africa,,1992,99.5032328379895
Sub-Saharan Africa,,1993,99.52335108357701
Sub-Saharan Africa,,1994,99.51572296370148
Sub-Saharan Africa,,1995,99.4930888827204
Sub-Saharan Africa,,1996,99.4693068771046
Sub-Saharan Africa,,1997,99.49374501612725
Sub-Saharan Africa,,1998,99.52909915789205
Sub-Saharan Africa,,1999,99.55957668063225
Sub-Saharan Africa,,2000,99.58013077592648
Sub-Saharan Africa,,2001,99.59133536265064
Sub-Saharan Africa,,2002,99.54901692261903
Sub-Saharan Africa,,2003,99.52829658386396
Sub-Saharan Africa,,2004,99.45579722705557
Sub-Saharan Africa,,2005,99.37425104399748
Sub-Saharan Africa,,2006,99.29408614275016
Sub-Saharan Africa,,2007,99.27334994239077
Sub-Saharan Africa,,2008,99.25277969594204
Sub-Saharan Africa,,2009,99.2655986736824
Sub-Saharan Africa,,2010,99.2215433273063
Sub-Saharan Africa,,2011,99.22595777996516
Sub-Saharan Africa,,2012,99.24302476058251
Sub-Saharan Africa,,2013,99.25062250378596
Sub-Saharan Africa,,2014,99.2581364736431
Sub-Saharan Africa,,2015,99.27540503303955
Sub-Saharan Africa,,2016,99.27901165608128
Sub-Saharan Africa,,2017,99.27372421952391
Sub-Saharan Africa,,2018,99.26028059306782
Sub-Saharan Africa,,2019,99.25730388454632
Sudan,SDN,2009,99.88713160122671
Sudan,SDN,2014,99.70801983140986
Suriname - urban,,1999,96.1629279811098
Sweden,SWE,1967,86.9989741243544
Sweden,SWE,1975,65.73627953009816
Sweden,SWE,1981,59.47925887444367
Sweden,SWE,1987,55.490977846045965
Sweden,SWE,1992,40.4985584305048
Sweden,SWE,1995,44.49684077179389
Sweden,SWE,2000,35.74916218735425
Sweden,SWE,2003,33.487361921288326
Sweden,SWE,2004,33.12571272106449
Sweden,SWE,2005,31.46057980926812
Sweden,SWE,2006,27.46306658330484
Sweden,SWE,2007,23.31065387648549
Sweden,SWE,2008,22.19907402436323
Sweden,SWE,2009,21.73094933238073
Sweden,SWE,2010,21.00202368142563
Sweden,SWE,2011,20.04125838248359
Sweden,SWE,2012,18.74689607930604
Sweden,SWE,2013,19.015339201601613
Sweden,SWE,2014,17.38068387182311
Sweden,SWE,2015,16.45632002073595
Sweden,SWE,2016,17.0352880269871
Sweden,SWE,2017,15.96004988747264
Sweden,SWE,2018,16.624978301454828
Sweden,SWE,2019,15.465975033028439
Switzerland,CHE,1982,15.74492637543748
Switzerland,CHE,1992,16.24100222626739
Switzerland,CHE,2000,16.20200138961831
Switzerland,CHE,2002,14.23901693716677
Switzerland,CHE,2006,15.77608917042097
Switzerland,CHE,2007,15.17645805532511
Switzerland,CHE,2008,14.51698660924709
Switzerland,CHE,2009,13.422786141663758
Switzerland,CHE,2010,13.366239030519381
Switzerland,CHE,2011,12.07631269280723
Switzerland,CHE,2012,10.570535108507089
Switzerland,CHE,2013,11.830758571406
Switzerland,CHE,2014,11.55958046056819
Switzerland,CHE,2015,11.8527642772405
Switzerland,CHE,2016,11.70124048864878
Switzerland,CHE,2017,11.53196970261883
Switzerland,CHE,2018,12.51371466038043
Syria,SYR,1996,99.13030314103601
Syria,SYR,2003,97.87992798448896
Taiwan,TWN,1981,92.24786558808746
Taiwan,TWN,1986,83.74676712817222
Taiwan,TWN,1991,50.495172263720754
Taiwan,TWN,1995,38.74575147195592
Taiwan,TWN,1997,34.49525064540106
Taiwan,TWN,2000,30.49507337395057
Taiwan,TWN,2005,31.99828677423893
Taiwan,TWN,2007,35.99958532047698
Taiwan,TWN,2010,41.74731816281752
Taiwan,TWN,2013,39.9914577981141
Taiwan,TWN,2016,33.49324817532572
Tajikistan,TJK,1999,100
Tajikistan,TJK,2003,100
Tajikistan,TJK,2004,99.91222498350528
Tajikistan,TJK,2007,99.6491379022914
Tajikistan,TJK,2009,99.74607380477762
Tajikistan,TJK,2015,99.42953751618468
Tanzania,TZA,1991,99.99618527728006
Tanzania,TZA,2000,99.99708871141209
Tanzania,TZA,2007,99.9435598170786
Tanzania,TZA,2011,99.9193538130824
Tanzania,TZA,2018,99.83422954797277
Thailand,THA,1981,98.78828004194808
Thailand,THA,1988,98.71542248077004
Thailand,THA,1990,98.26442464193345
Thailand,THA,1992,97.03351304809408
Thailand,THA,1994,97.43335494053555
Thailand,THA,1996,97.03837690999207
Thailand,THA,1998,97.18978894686579
Thailand,THA,1999,97.06250065164508
Thailand,THA,2000,97.55995579579698
Thailand,THA,2002,96.7285540366421
Thailand,THA,2004,95.6260936444184
Thailand,THA,2006,94.31827695341144
Thailand,THA,2007,94.72867860232962
Thailand,THA,2008,94.05217097414616
Thailand,THA,2009,93.788523211537
Thailand,THA,2010,93.12161325605176
Thailand,THA,2011,93.76112432495765
Thailand,THA,2012,91.82548317717571
Thailand,THA,2013,91.70362571410908
Thailand,THA,2014,91.9089458606791
Thailand,THA,2015,91.48058588905748
Thailand,THA,2016,90.98739901979592
Thailand,THA,2017,90.74558508868728
Thailand,THA,2018,90.76189219140788
Thailand,THA,2019,91.38144621431657
Thailand,THA,2020,90.73577380210558
Timor,TLS,2001,99.9857084838053
Timor,TLS,2007,99.98291345617828
Timor,TLS,2014,99.96547872475934
Togo,TGO,2006,99.98953878550542
Togo,TGO,2011,99.91095518935674
Togo,TGO,2015,99.93601459195682
Togo,TGO,2018,99.57273983257345
Tonga,TON,2000,97.11972000007404
Tonga,TON,2009,97.2845478706113
Tonga,TON,2015,96.70508345672286
Trinidad and Tobago,TTO,1988,90.42815549916739
Trinidad and Tobago,TTO,1992,97.12802368164061
Tunisia,TUN,1985,98.9081717006976
Tunisia,TUN,1990,99.19059936523438
Tunisia,TUN,1995,98.84598752476136
Tunisia,TUN,2000,98.26034656386564
Tunisia,TUN,2005,98.4398892251682
Tunisia,TUN,2010,97.94676844785755
Tunisia,TUN,2015,97.35386724240982
Turkey,TUR,1987,97.23232675311644
Turkey,TUR,1994,96.9832103060194
Turkey,TUR,2002,96.29020771469176
Turkey,TUR,2003,96.36138574803353
Turkey,TUR,2004,94.86505591073228
Turkey,TUR,2005,93.77982741510132
Turkey,TUR,2006,93.96016823238018
Turkey,TUR,2007,93.37161073409496
Turkey,TUR,2008,92.07655312975288
Turkey,TUR,2009,91.63990673068078
Turkey,TUR,2010,91.6159506249262
Turkey,TUR,2011,88.99449669343498
Turkey,TUR,2012,88.14753400451774
Turkey,TUR,2013,87.27346986512163
Turkey,TUR,2014,86.11502387101754
Turkey,TUR,2015,86.49034432988078
Turkey,TUR,2016,84.4761496321297
Turkey,TUR,2017,84.2168871778654
Turkey,TUR,2018,84.02878806203641
Turkey,TUR,2019,83.22361484625475
Turkmenistan,TKM,1998,99.85158311345647
Tuvalu,TUV,2010,98.35487293068762
Uganda,UGA,1989,99.99900000000001
Uganda,UGA,1992,99.89298083725626
Uganda,UGA,1996,99.96995451619118
Uganda,UGA,1999,99.95471726094262
Uganda,UGA,2002,99.84634710583565
Uganda,UGA,2005,99.8506966483726
Uganda,UGA,2009,99.5717722984466
Uganda,UGA,2012,99.81691596453139
Uganda,UGA,2016,99.80133164038001
Uganda,UGA,2019,99.78423470975072
Ukraine,UKR,1992,99.67971397713308
Ukraine,UKR,1993,99.66738033338432
Ukraine,UKR,1995,98.34984461641712
Ukraine,UKR,1996,99.32033625469504
Ukraine,UKR,1999,99.89846557617187
Ukraine,UKR,2002,99.74934758339477
Ukraine,UKR,2003,99.47944732498158
Ukraine,UKR,2004,99.30600890061469
Ukraine,UKR,2005,98.75096892723325
Ukraine,UKR,2006,98.08657832558171
Ukraine,UKR,2007,98.84574519270122
Ukraine,UKR,2008,97.968840724804
Ukraine,UKR,2009,98.8121621167481
Ukraine,UKR,2010,98.3682124539997
Ukraine,UKR,2011,98.24313905965776
Ukraine,UKR,2012,97.87586299293277
Ukraine,UKR,2013,97.15261732435411
Ukraine,UKR,2014,98.04323122114958
Ukraine,UKR,2015,98.20829438425224
Ukraine,UKR,2016,98.3761927176356
Ukraine,UKR,2017,97.33074570098385
Ukraine,UKR,2018,96.64315243876024
Ukraine,UKR,2019,95.06981998101179
Ukraine,UKR,2020,96.0385282202364
United Arab Emirates,ARE,2013,15.441952267958131
United Kingdom,GBR,1969,90.49850525027442
United Kingdom,GBR,1974,80.24886630437192
United Kingdom,GBR,1979,76.74622289780132
United Kingdom,GBR,1986,70.99674553114154
United Kingdom,GBR,1991,60.733029320515044
United Kingdom,GBR,1994,54.747332303580656
United Kingdom,GBR,1995,54.24500709288065
United Kingdom,GBR,1996,51.49765171363151
United Kingdom,GBR,1997,49.24860325168442
United Kingdom,GBR,1998,46.99309968786146
United Kingdom,GBR,1999,45.49916075605377
United Kingdom,GBR,2000,40.9930906545234
United Kingdom,GBR,2001,38.497368570453176
United Kingdom,GBR,2002,37.498809329531056
United Kingdom,GBR,2003,36.49328196044974
United Kingdom,GBR,2004,38.26982439113246
United Kingdom,GBR,2005,36.81363803508986
United Kingdom,GBR,2006,33.506925769614135
United Kingdom,GBR,2007,31.729562871395338
United Kingdom,GBR,2008,35.08062245970045
United Kingdom,GBR,2009,36.209497670031624
United Kingdom,GBR,2010,37.11669914642783
United Kingdom,GBR,2011,36.30790174403409
United Kingdom,GBR,2012,36.55064657422563
United Kingdom,GBR,2013,35.45935096625888
United Kingdom,GBR,2014,34.991573919177185
United Kingdom,GBR,2015,34.55609894009703
United Kingdom,GBR,2016,30.864769981486837
United Kingdom,GBR,2017,30.8578439914656
United States,USA,1974,35.497766045423816
United States,USA,1979,30.74895096147301
United States,USA,1986,30.74903768385585
United States,USA,1991,30.49838268597539
United States,USA,1992,30.999424200752827
United States,USA,1993,31.99823530066872
United States,USA,1994,30.499434883971162
United States,USA,1995,29.74818950237466
United States,USA,1996,29.74540874756676
United States,USA,1997,28.495987222662027
United States,USA,1998,26.49913837149028
United States,USA,1999,25.99898381237234
United States,USA,2000,24.99876915220764
United States,USA,2001,25.499846871464012
United States,USA,2002,25.49984831139962
United States,USA,2003,25.249349266766753
United States,USA,2004,24.49991393226493
United States,USA,2005,24.49962171370381
United States,USA,2006,24.24841926517259
United States,USA,2007,23.99826267810072
United States,USA,2008,25.24857354262828
United States,USA,2009,24.49779214265152
United States,USA,2010,25.499215001428198
United States,USA,2011,25.99833426522572
United States,USA,2012,25.998121662858797
United States,USA,2013,25.99747390827789
United States,USA,2014,25.99945305735799
United States,USA,2015,24.24773332441249
United States,USA,2016,22.49884759941094
United States,USA,2017,22.49809424620326
United States,USA,2018,20.49983565336641
United States,USA,2019,18.49941136516346
Uruguay,URY,2006,86.20378884453825
Uruguay,URY,2007,84.05886311370098
Uruguay,URY,2008,81.3243593648321
Uruguay,URY,2009,79.0537540341499
Uruguay,URY,2010,78.71829256158827
Uruguay,URY,2011,75.48353946133466
Uruguay,URY,2012,74.42743461186687
Uruguay,URY,2013,73.36631473385614
Uruguay,URY,2014,70.60096979643764
Uruguay,URY,2015,69.85991359102155
Uruguay,URY,2016,71.01689183943523
Uruguay,URY,2017,69.36594562384765
Uruguay,URY,2018,69.90240805152116
Uruguay,URY,2019,70.72154103138216
Uruguay,URY,2020,74.34464623922548
Uruguay - urban,,1981,85.43217832261374
Uruguay - urban,,1989,83.78657176674511
Uruguay - urban,,1992,81.33029906642535
Uruguay - urban,,1995,80.15547997501214
Uruguay - urban,,1996,81.08748262190413
Uruguay - urban,,1997,81.31947551364559
Uruguay - urban,,1998,78.57208405580361
Uruguay - urban,,2000,80.022987627656
Uruguay - urban,,2001,79.60187592394352
Uruguay - urban,,2002,83.29938466294318
Uruguay - urban,,2003,88.08973912248248
Uruguay - urban,,2004,87.89265544139636
Uruguay - urban,,2005,86.98829972098434
Uzbekistan,UZB,1998,99.86414659224087
Uzbekistan,UZB,2000,99.96382899867422
Uzbekistan,UZB,2002,99.97431170315538
Uzbekistan,UZB,2003,99.97492461982861
Vanuatu,VUT,2010,99.58068850322827
Vanuatu,VUT,2019,99.8772777343158
Venezuela,VEN,1981,88.94037008213255
Venezuela,VEN,1987,90.13683531851095
Venezuela,VEN,1989,94.22512010594683
Venezuela,VEN,1992,95.10530932465583
Venezuela,VEN,1995,96.77438508112076
Venezuela,VEN,1998,95.89797965227464
Venezuela,VEN,1999,96.78210008984584
Venezuela,VEN,2001,96.53515375957524
Venezuela,VEN,2002,97.7766604841125
Venezuela,VEN,2003,98.68054367217982
Venezuela,VEN,2004,98.14105276698324
Venezuela,VEN,2005,96.86103358566446
Venezuela,VEN,2006,95.46387847725974
Vietnam,VNM,1992,99.99161038634172
Vietnam,VNM,1997,99.94172410380612
Vietnam,VNM,2002,99.95747228826984
Vietnam,VNM,2004,99.96919372575476
Vietnam,VNM,2006,99.91408916341557
Vietnam,VNM,2008,99.86477586839145
Vietnam,VNM,2010,98.35395834211043
Vietnam,VNM,2012,98.72854073135781
Vietnam,VNM,2014,98.64516380714964
Vietnam,VNM,2016,97.9732835139146
Vietnam,VNM,2018,96.794706271299
World,OWID_WRL,1990,89.65210558325872
World,OWID_WRL,1991,89.72770803843662
World,OWID_WRL,1992,89.82818347696457
World,OWID_WRL,1993,89.95459782933855
World,OWID_WRL,1994,89.75179964263336
World,OWID_WRL,1995,89.55764625680962
World,OWID_WRL,1996,89.46876504326022
World,OWID_WRL,1997,89.37401865007271
World,OWID_WRL,1998,89.24124370627945
World,OWID_WRL,1999,89.19390821445911
World,OWID_WRL,2000,88.9210051530185
World,OWID_WRL,2001,88.74920085122655
World,OWID_WRL,2002,88.64989431229608
World,OWID_WRL,2003,88.50924237414274
World,OWID_WRL,2004,88.32100328353604
World,OWID_WRL,2005,88.12686318638694
World,OWID_WRL,2006,87.82068212002295
World,OWID_WRL,2007,87.35139383521596
World,OWID_WRL,2008,87.32771002139953
World,OWID_WRL,2009,87.2209129692652
World,OWID_WRL,2010,87.00212885000941
World,OWID_WRL,2011,86.97946826439129
World,OWID_WRL,2012,86.90486886344333
World,OWID_WRL,2013,86.76917791816823
World,OWID_WRL,2014,86.64950173879629
World,OWID_WRL,2015,86.45412489629703
World,OWID_WRL,2016,86.12021317442874
World,OWID_WRL,2017,85.85207059458781
World,OWID_WRL,2018,85.54686597182197
World,OWID_WRL,2019,85.17327228133225
Yemen,YEM,1998,99.65430552954008
Yemen,YEM,2005,99.59233991489812
Yemen,YEM,2014,99.73019347534496
Zambia,ZMB,1991,99.64223344451912
Zambia,ZMB,1993,99.8840291630152
Zambia,ZMB,1996,99.61835072446787
Zambia,ZMB,1998,99.52353259732436
Zambia,ZMB,2002,99.8162646801502
Zambia,ZMB,2004,99.63777790127033
Zambia,ZMB,2006,99.71104452269344
Zambia,ZMB,2010,99.66383124866938
Zambia,ZMB,2015,99.52494945075968
Zimbabwe,ZWE,2011,99.22363631635734
Zimbabwe,ZWE,2017,99.51887101000419
Zimbabwe,ZWE,2019,99.0489710395302